Data Point,Date Time,Test Time (s),Step Time (s),Cycle Index,Step Index,TC_Counter1,TC_Counter2,TC_Counter3,Current (A),Voltage (V),Power (W),Charge Capacity (Ah),Discharge Capacity (Ah),Charge Energy (Wh),Discharge Energy (Wh),ACR (Ohm),dV/dt (V/s),Internal Resistance (Ohm),dQ/dV (Ah/V),dV/dQ (V/Ah),MetaCode_MV_UD1,MetaCode_MV_UD2,MetaCode_MV_UD3,Aux_Temperature_1 (C),Aux_dT/dt_1 (C/s)
1,"	03/13/2024 21:34:02.839",60.0001,60.0001,1,1,0,0,0,0,3.956465,0,0,0,0,0,,1.4975E-05,,,,0,0,0,24.5187,-0.005348325
2,"	03/13/2024 21:35:02.840",120.0008,120.0008,1,1,0,0,0,0,3.956453,0,0,0,0,0,,2.82529E-05,,,,,,,24.92174,0.001786351
3,"	03/13/2024 21:35:02.841",120.0021,120.0021,1,1,0,0,0,0,3.956453,0,0,0,0,0,,2.82529E-05,0,0,0,,,,24.92174,0.001786351
4,"	03/13/2024 21:35:04.917",122.0775,2.0353,1,2,0,0,0,-8.7738E-05,3.738884,-0.000328042,0,0,0,0,,4.280416965,0.436077595,0,0,,,,24.92173767,0.001786351
5,"	03/13/2024 21:36:04.957",182.1173,60.0015,1,3,0,0,0,0,3.956312,0,0,0,0,0,,-1.26045E-05,0.436077595,0,0,,,,25.02035888,0.026739794
6,"	03/13/2024 21:36:34.995",212.1562,30.0012,1,4,0,0,0,-0.100014,3.911486,-0.391203361,0,0.000833182,0,0.00325956,,-3.88379E-05,,6.30673E-05,15856.08008,,,,25.07717,-0.003556609
7,"	03/13/2024 21:37:04.997",242.1573,60.0023,1,4,0,0,0,-0.1000137,3.91059,-0.391112575,0,0.001666642,0,0.006519318,,-3.52425E-05,,,,,,,25.13212376,0.016939572
8,"	03/13/2024 21:37:34.997",272.1576,90.0026,1,4,0,0,0,-0.1000157,3.910134,-0.391074789,0,0.002499938,0,0.009777857,,-3.43776E-06,,,,,,,25.11071022,0.001003199
9,"	03/13/2024 21:38:04.997",302.1581,120.0031,1,4,0,0,0,-0.10001,3.909601,-0.390999196,0,0.003333213,0,0.0130358,,-3.82064E-05,,,,,,,25.16052992,0.008463835
10,"	03/13/2024 21:38:34.998",332.1585,150.0035,1,4,0,0,0,-0.1000099,3.908946,-0.390933299,0,0.004166491,0,0.01629332,,3.27954E-06,,0,0,,,,25.07240325,-0.001549687
11,"	03/13/2024 21:39:04.998",362.1586,180.0036,1,4,0,0,0,-0.1000117,3.908645,-0.390910231,0,0.004999807,0,0.01955054,,-4.59918E-05,,0.867524624,,,,,25.02024286,0.014480895
12,"	03/13/2024 21:39:34.999",392.1598,210.0048,1,4,0,0,0,-0.1000148,3.907916,-0.390849437,0,0.005833227,0,0.02280776,,-9.87748E-06,,,,,,,24.97263,0.006462336
13,"	03/13/2024 21:40:05.000",422.1606,240.0056,1,4,0,0,0,-0.1000155,3.907527,-0.390813267,0,0.006666527,0,0.02606413,,-2.59975E-05,,,,,,,25.19034504,0.01483378
14,"	03/13/2024 21:40:35.001",452.1622,270.0072,1,4,0,0,0,-0.1000137,3.907193,-0.390772829,0,0.007499777,0,0.02931992,,-2.13366E-05,,,0,,,,25.3744329,-0.011809379
15,"	03/13/2024 21:41:05.003",482.1633,300.0083,1,4,0,0,0,-0.1000113,3.906652,-0.390709345,0,0.00833308,0,0.03257557,,-6.12439E-06,,0,,,,,25.58558,0.001457334
16,"	03/13/2024 21:41:35.003",512.1635,330.0085,1,4,0,0,0,-0.1000111,3.906356,-0.390678961,0,0.009166432,0,0.03583106,,-1.08268E-05,,,,,,,25.77632,0.01826823
17,"	03/13/2024 21:42:05.004",542.1647,360.0097,1,4,0,0,0,-0.1000094,3.905893,-0.390626015,0,0.009999632,0,0.03908561,,4.50409E-06,,,,,,,25.92001,0.01313984
18,"	03/13/2024 21:42:35.004",572.1651,390.0101,1,4,0,0,0,-0.1000117,3.905503,-0.390595994,0,0.0108329,0,0.0423401,,-2.43395E-05,,,0,,,,25.82891,-0.02269685
19,"	03/13/2024 21:43:05.005",602.1662,420.0112,1,4,0,0,0,-0.1000149,3.904881,-0.390546283,0,0.0116661,0,0.04559399,,6.32195E-06,,0,,,,,25.74654,0.00423193
20,"	03/13/2024 21:43:35.006",632.1664,450.0114,1,4,0,0,0,-0.1000149,3.904737,-0.390531881,0,0.01249932,0,0.04884763,,-1.24456E-05,,,,,,,25.62357753,-0.015466148
21,"	03/13/2024 21:44:05.006",662.1669,480.0119,1,4,0,0,0,-0.1000126,3.904183,-0.390467493,0,0.01333271,0,0.05210162,,-1.29591E-05,,,,,,,25.40142324,0.010341916
22,"	03/13/2024 21:44:35.006",692.1672,510.0122,1,4,0,0,0,-0.1000136,3.903971,-0.390450194,0,0.01416601,0,0.05535496,,-3.24005E-06,,,0,,,,25.31498,-0.007692575
23,"	03/13/2024 21:45:05.008",722.1683,540.0133,1,4,0,0,0,-0.1000086,3.903716,-0.390405172,0,0.01499925,0,0.05860778,,-4.78497E-05,,1.915279031,0.706152976,,,,25.38591361,0.014707371
24,"	03/13/2024 21:45:35.008",752.1688,570.0138,1,4,0,0,0,-0.1000148,3.903105,-0.390368266,0,0.01583251,0,0.06186033,,-4.74146E-07,,,,,,,25.39907833,0.003464855
25,"	03/13/2024 21:46:05.009",782.1697,600.0147,1,4,0,0,0,-0.1000117,3.902897,-0.390335364,0,0.01666577,0,0.06511258,,-1.11424E-05,,,,,,,25.31128913,0.016272621
26,"	03/13/2024 21:46:35.010",812.171,630.016,1,4,0,0,0,-0.1000137,3.902555,-0.390308965,0,0.01749918,0,0.06836511,,-1.09048E-05,,,,,,,25.30624,0.001562238
27,"	03/13/2024 21:47:05.011",842.1713,660.0163,1,4,0,0,0,-0.100012,3.902048,-0.390251625,0,0.01833242,0,0.0716167,,-1.26038E-05,,0,0,,,,25.40572,0.01470864
28,"	03/13/2024 21:47:35.011",872.1716,690.0166,1,4,0,0,0,-0.100012,3.901921,-0.390238923,0,0.01916566,0,0.07486799,,-8.81166E-06,,,,,,,25.46134549,0.012699968
29,"	03/13/2024 21:48:05.011",902.1719,720.0169,1,4,0,0,0,-0.1000109,3.901381,-0.390180625,0,0.0199989,0,0.07811897,,-1.18537E-06,,,,,,,25.31225063,-0.032866445
30,"	03/13/2024 21:48:35.012",932.1731,750.0181,1,4,0,0,0,-0.1000105,3.901232,-0.390164163,0,0.02083214,0,0.0813697,,-1.48177E-05,,,,,,,25.28259287,-0.008919915
31,"	03/13/2024 21:49:05.013",962.1742,780.0192,1,4,0,0,0,-0.1000151,3.900764,-0.390135302,0,0.02166555,0,0.08462076,,-1.92829E-05,,0,0,,,,25.09843506,0.003235896
32,"	03/13/2024 21:49:35.015",992.1753,810.0203,1,4,0,0,0,-0.1000112,3.900401,-0.390083784,0,0.02249876,0,0.0878708,,-3.06632E-05,,,,,,,25.01773098,-0.01572543
33,"	03/13/2024 21:49:37.802",994.9623,812.8073,1,4,0,0,0,-0.1000142,3.899893,-0.390044678,0,0.02257623,0,0.08817296,,-3.06632E-05,0.436077595,0,0,,,,25.02984766,0.003785983
34,"	03/13/2024 21:50:37.844",1055.0043,60.001,1,5,0,0,0,0,3.945396,0,0,0.02257627,0,0.0881731,,-2.84471E-06,,,,,,,25.63416571,0.014044625
35,"	03/13/2024 21:50:37.844",1055.0048,60.0015,1,5,0,0,0,0,3.945386,0,0,0.02257627,0,0.0881731,,-2.84471E-06,0.436077595,0,0,,,,25.63416571,0.014044625
36,"	03/13/2024 21:50:37.895",1055.0553,0.0097,1,6,0,0,0,-1.124656,3.625744,-4.077714744,1.18812E-10,0.02257627,4.68779E-10,0.0881731,,-0.02712792,,,,,,,25.63416672,0.014044642
37,"	03/13/2024 21:50:37.907",1055.0674,0.0218,1,6,0,0,0,-1.125854,3.640814,-4.099025005,1.18812E-10,0.0225798,4.68779E-10,0.08818591,,,,,,,,,25.63416672,0.014044642
38,"	03/13/2024 21:50:38.263",1055.4242,0.3786,1,6,0,0,0,-1.126501,3.651166,-4.11304215,1.18812E-10,0.02269225,4.68779E-10,0.08859619,,0.016989689,,0.000100962,9904.741211,,,,25.63416672,0.014044642
39,"	03/13/2024 21:50:38.393",1055.5537,0.5081,1,6,0,0,0,-0.7140503,3.759841,-2.684715594,1.18812E-10,0.02273221,4.68779E-10,0.08874205,,,,,,,,,25.63416672,0.014044642
40,"	03/13/2024 21:50:38.891",1056.0514,1.0058,1,6,0,0,0,-0.4492149,3.82821,-1.719688972,1.18812E-10,0.02283121,4.68779E-10,0.08911429,,,,,,,,,25.63417,0.01404464
41,"	03/13/2024 21:50:39.389",1056.5498,1.5042,1,6,0,0,0,-0.2791061,3.872395,-1.080809066,1.18812E-10,0.02289322,4.68779E-10,0.08935173,,0.08867085,,-0.001438104,-695.3601074,,,,25.62849,-0.001775026
42,"	03/13/2024 21:50:39.887",1057.0481,2.0025,1,6,0,0,0,-0.1811857,3.897925,-0.70624827,1.18812E-10,0.0229319,4.68779E-10,0.08950151,,,,,,,,,25.62848663,-0.001775026
43,"	03/13/2024 21:50:40.391",1057.5522,2.5066,1,6,0,0,0,-0.1010218,3.917301,-0.395732798,1.18812E-10,0.02295569,4.68779E-10,0.08959429,,0.041321151,,-0.001507213,-663.4760742,,,,25.62848663,-0.001775026
44,"	03/13/2024 21:50:40.891",1058.0514,3.0058,1,6,0,0,0,-0.05931091,3.929128,-0.233040157,1.18812E-10,0.02296968,4.68779E-10,0.08964912,,,,,,,,,25.62849,-0.001775026
45,"	03/13/2024 21:50:41.893",1059.0538,4.0082,1,6,0,0,0,-0.01580906,3.939981,-0.062287396,1.18812E-10,0.02298193,4.68779E-10,0.08969728,,0.004329524,,-0.001131006,-848.49823,,,,25.62848663,-0.001775026
46,"	03/13/2024 21:50:51.893",1069.0539,14.0083,1,6,0,0,0,-0.01527214,3.941265,-0.060191551,4.87045E-06,0.0229945,1.92176E-05,0.08974683,,-0.000750045,,-0.000995091,-892.0023804,,,,25.74362,0.009462833
47,"	03/13/2024 21:51:01.895",1079.0555,24.0099,1,6,0,0,0,-0.0397253,3.934736,-0.156308568,4.87045E-06,0.02307303,1.92176E-05,0.09005603,,-0.000660359,,0.008730207,,,,,25.7383,0.004455447
48,"	03/13/2024 21:51:03.705",1080.8659,25.8203,1,6,0,0,0,-0.04256725,3.924162,-0.167040785,4.87045E-06,0.02309371,1.92176E-05,0.09013738,,-0.004024052,,,,,,,25.77218822,0.010589618
49,"	03/13/2024 21:51:03.732",1080.8932,25.8476,1,6,0,0,0,-0.04258347,3.934325,-0.167537211,4.87045E-06,0.02309404,1.92176E-05,0.09013867,,,,,,,,,25.77234576,0.010604082
50,"	03/13/2024 21:51:13.733",1090.894,35.8484,1,6,0,0,0,-0.05755901,3.929643,-0.226186361,4.87045E-06,0.02323496,1.92176E-05,0.09069274,,-0.000328249,,0.0235146,-8460.839844,,,,25.83027,0.01592219
51,"	03/13/2024 21:51:23.734",1100.895,45.8494,1,6,0,0,0,-0.06809425,3.926555,-0.267375818,4.87045E-06,0.02341006,1.92176E-05,0.09138063,,0.002872368,,,,,,,25.8,0.00891149
52,"	03/13/2024 21:51:33.734",1110.8951,55.8495,1,6,0,0,0,-0.07567978,3.92534,-0.297068868,4.87045E-06,0.02360965,1.92176E-05,0.09216423,,-0.000207237,,0.063324846,24.37644005,,,,25.87449,0.007686615
53,"	03/13/2024 21:51:43.735",1120.8959,65.8503,1,6,0,0,0,-0.08168697,3.922519,-0.320418692,4.87045E-06,0.02382841,1.92176E-05,0.09302267,,-0.00018139,,,,,,,25.88623989,0.011917906
54,"	03/13/2024 21:51:48.775",1125.9361,70.8905,1,6,0,0,0,-0.08458805,3.911775,-0.330889419,4.87045E-06,0.02394487,1.92176E-05,0.09347952,,-0.001559926,,,,,,,25.84709,-0.01245737
55,"	03/13/2024 21:51:48.792",1125.9528,70.9072,1,6,0,0,0,-0.08480167,3.921783,-0.332573748,4.87045E-06,0.02394526,1.92176E-05,0.09348106,,,,,,,,,25.84709,-0.01245737
56,"	03/13/2024 21:51:49.279",1126.4393,71.3937,1,6,0,0,0,-0.08491707,3.909505,-0.33198371,4.87045E-06,0.02395672,1.92176E-05,0.09352601,,-0.032355368,,-0.000218205,-4582.846191,,,,25.84709,-0.01245737
57,"	03/13/2024 21:51:49.284",1126.4449,71.3993,1,6,0,0,0,-0.08479691,3.921871,-0.332562542,4.87045E-06,0.02395688,1.92176E-05,0.09352662,,,,,,,,,25.84709398,-0.01244996
58,"	03/13/2024 21:51:59.284",1136.445,81.3994,1,6,0,0,0,-0.09030914,3.920791,-0.354083263,4.87045E-06,0.02420049,1.92176E-05,0.09448197,,-0.000187382,,-0.00018324,-5457.308105,,,,25.85421,0.000782609
59,"	03/13/2024 21:52:09.285",1146.4459,91.4003,1,6,0,0,0,-0.0956707,3.919361,-0.37496801,4.87045E-06,0.02445929,1.92176E-05,0.09549642,,-0.000216301,,0.09680777,,,,,25.93684,0.03038168
60,"	03/13/2024 21:52:19.285",1156.446,101.4004,1,6,0,0,0,-0.1016846,3.918046,-0.39840494,4.87045E-06,0.02473357,1.92176E-05,0.09657114,,-3.05432E-05,,,,,,,25.85779,-0.01424074
61,"	03/13/2024 21:52:29.286",1166.4469,111.4013,1,6,0,0,0,-0.1076069,3.915923,-0.421380335,4.87045E-06,0.02502397,1.92176E-05,0.09770852,,-5.21192E-05,,,,,,,25.85955046,-0.007684892
62,"	03/13/2024 21:52:33.844",1171.0046,115.959,1,6,0,0,0,-0.1103249,3.903108,-0.43061,4.87045E-06,0.02516207,1.92176E-05,0.09824918,,-0.004231537,,,,,,,25.88309,-0.01268864
63,"	03/13/2024 21:52:33.849",1171.01,115.9644,1,6,0,0,0,-0.1104794,3.914124,-0.432430071,4.87045E-06,0.02516226,1.92176E-05,0.09824996,,,,,,,,,25.88309,-0.01268864
64,"	03/13/2024 21:52:34.349",1171.5093,116.4637,1,6,0,0,0,-0.110343,3.903011,-0.430669943,4.87045E-06,0.02517759,1.92176E-05,0.09830995,,-0.02939569,,-0.000248577,-4022.904053,,,,25.88309097,-0.012688637
65,"	03/13/2024 21:52:34.353",1171.5142,116.4686,1,6,0,0,0,-0.1105547,3.915085,-0.432831048,4.87045E-06,0.02517779,1.92176E-05,0.09831074,,,,,,,,,25.88306654,-0.012691675
66,"	03/13/2024 21:52:44.354",1181.5151,126.4695,1,6,0,0,0,-0.1174574,3.912862,-0.459594597,4.87045E-06,0.02549506,1.92176E-05,0.09955243,,-0.000246394,,-0.000261621,-3822.329102,,,,25.83215,-0.01902282
67,"	03/13/2024 21:52:54.355",1191.5153,136.4697,1,6,0,0,0,-0.1245232,3.910818,-0.486987572,4.87045E-06,0.02583173,1.92176E-05,0.1008694,,-0.000376853,,0.091575809,,,,,25.78120855,-0.035174328
68,"	03/13/2024 21:53:04.355",1201.5161,146.4705,1,6,0,0,0,-0.1325912,3.908504,-0.518233236,4.87045E-06,0.02618933,1.92176E-05,0.1022674,,-0.000124817,,,,,,,25.78154182,0.004782873
69,"	03/13/2024 21:53:14.355",1211.5161,156.4705,1,6,0,0,0,-0.1408253,3.906083,-0.55007531,4.87045E-06,0.02656925,1.92176E-05,0.1037518,,-0.000510777,,,7.822528839,,,,25.78826516,0.007782548
70,"	03/13/2024 21:53:24.356",1221.5171,166.4715,1,6,0,0,0,-0.1493864,3.90367,-0.583155208,4.87045E-06,0.02697293,1.92176E-05,0.105328,,-0.000185028,,0.178704694,,,,,25.71592,-0.0011307
71,"	03/13/2024 21:53:33.865",1231.0253,175.9797,1,6,0,0,0,-0.1584234,3.890781,-0.616390755,4.87045E-06,0.02738055,1.92176E-05,0.1069186,,-0.002503985,,,,,,,25.70416463,0.010244131
72,"	03/13/2024 21:53:33.893",1231.0541,176.0085,1,6,0,0,0,-0.1587944,3.900919,-0.619444092,4.87045E-06,0.02738182,1.92176E-05,0.1069235,,,,,,,,,25.70413504,0.010184872
73,"	03/13/2024 21:53:43.895",1241.0557,186.0101,1,6,0,0,0,-0.1693592,3.898535,-0.660252769,4.87045E-06,0.02783686,1.92176E-05,0.1086978,,-0.000302337,,-0.000422327,-2367.831055,,,,25.69382,-0.01046598
74,"	03/13/2024 21:53:53.896",1251.0566,196.011,1,6,0,0,0,-0.179637,3.89414,-0.699531627,4.87045E-06,0.02832066,1.92176E-05,0.1105828,,-0.000330519,,0.089962579,,,,,25.73514897,0.01647207
75,"	03/13/2024 21:54:03.896",1261.0567,206.0111,1,6,0,0,0,-0.1910391,3.89147,-0.743422926,4.87045E-06,0.02883463,1.92176E-05,0.1125836,,-0.00048463,,,7.883962154,,,,25.69774,0.002005696
76,"	03/13/2024 21:54:13.897",1271.0575,216.0119,1,6,0,0,0,-0.2025146,3.887237,-0.787222246,4.87045E-06,0.02938023,1.92176E-05,0.1147058,,-0.000405902,,0.187405795,,,,,25.70271487,0.006231027
77,"	03/13/2024 21:54:19.102",1276.2626,221.217,1,6,0,0,0,-0.2087889,3.873708,-0.808787232,4.87045E-06,0.02967729,1.92176E-05,0.1158605,,-0.01416478,,-0.000844517,11.0096302,,,,25.66033635,-0.006461496
78,"	03/13/2024 21:54:19.109",1276.2697,221.2241,1,6,0,0,0,-0.208807,3.885596,-0.811339644,4.87045E-06,0.02967784,1.92176E-05,0.1158626,,,,,,,,,25.66036677,-0.006453475
79,"	03/13/2024 21:54:29.110",1286.2707,231.2251,1,6,0,0,0,-0.221077,3.882328,-0.858293427,4.87045E-06,0.03027474,1.92176E-05,0.118181,,-0.000157975,,0.101851098,,,,,25.70383028,0.005005483
80,"	03/13/2024 21:54:39.110",1296.2708,241.2252,1,6,0,0,0,-0.2345171,3.878384,-0.909547368,4.87045E-06,0.03090738,1.92176E-05,0.1206359,,-0.000568549,,,,,,,25.67034,-0.01224756
81,"	03/13/2024 21:54:49.111",1306.2716,251.226,1,6,0,0,0,-0.2484159,3.874437,-0.962471754,4.87045E-06,0.03157764,1.92176E-05,0.1232341,,-0.000884676,,0.171286106,,,,,25.66747,-0.003675222
82,"	03/13/2024 21:54:59.111",1316.2718,261.2262,1,6,0,0,0,-0.2626095,3.870228,-1.01635864,4.87045E-06,0.03228685,1.92176E-05,0.1259803,,-0.000171401,,0.1438016,4.295245171,,,,25.61938,-0.005459785
83,"	03/13/2024 21:55:09.112",1326.2726,271.227,1,6,0,0,0,-0.2775459,3.865739,-1.07292001,4.87045E-06,0.03303611,1.92176E-05,0.1288783,,-0.000234306,,0.173139498,,,,,25.61650088,0.010911659
84,"	03/13/2024 21:55:19.112",1336.2728,281.2272,1,6,0,0,0,-0.2930593,3.860929,-1.13148115,4.87045E-06,0.03382795,1.92176E-05,0.1319375,,-0.000538888,,-0.00106751,9.967522621,,,,25.59656,-0.009686351
85,"	03/13/2024 21:55:29.112",1346.2728,291.2272,1,6,0,0,0,-0.3086796,3.856288,-1.190357437,4.87045E-06,0.03466354,1.92176E-05,0.1351617,,-0.000273354,,0.118763201,,,,,25.614744,-0.012145614
86,"	03/13/2024 21:55:39.112",1356.2729,301.2273,1,6,0,0,0,-0.3154984,3.853367,-1.215731123,4.87045E-06,0.03552261,1.92176E-05,0.1384741,,-0.000109699,,0.119702503,,,,,25.62475,-0.005786419
87,"	03/13/2024 21:55:49.113",1366.2739,311.2283,1,6,0,0,0,-0.3216705,3.851796,-1.239009145,4.87045E-06,0.03641358,1.92176E-05,0.1419062,,0.000858173,,,,,,,25.67105,0.004002452
88,"	03/13/2024 21:55:59.113",1376.2739,321.2283,1,6,0,0,0,-0.3330956,3.84826,-1.281838474,4.87045E-06,0.03732263,1.92176E-05,0.145406,,-0.000436895,,0.341580212,,,,,25.68355,-0.006241202
89,"	03/13/2024 21:56:09.113",1386.2741,331.2285,1,6,0,0,0,-0.3451385,3.844357,-1.326835608,4.87045E-06,0.03826497,1.92176E-05,0.1490304,,-0.000408999,,,2.58554101,,,,25.75127,0.004551411
90,"	03/13/2024 21:56:19.114",1396.275,341.2294,1,6,0,0,0,-0.358489,3.840435,-1.376753703,4.87045E-06,0.03924255,1.92176E-05,0.1527864,,-0.000393288,,0.239283994,,,,,25.73738,0.003674626
91,"	03/13/2024 21:56:29.114",1406.2752,351.2296,1,6,0,0,0,-0.3715649,3.836189,-1.425393182,4.87045E-06,0.04025598,1.92176E-05,0.1566762,,-0.000484662,,0.264481604,3.893038034,,,,25.79474964,0.000221168
92,"	03/13/2024 21:56:39.114",1416.2752,361.2296,1,6,0,0,0,-0.3525906,3.840342,-1.35406849,4.87045E-06,0.04129906,1.92176E-05,0.160676,,0.005086575,,,,,,,25.77128,-0.001328588
93,"	03/13/2024 21:56:49.115",1426.2762,371.2306,1,6,0,0,0,-0.3367062,3.843361,-1.294083478,4.87045E-06,0.04224487,1.92176E-05,0.164311,,0.000769664,,-0.269937009,-4.947061062,,,,25.79083,0.0194788
94,"	03/13/2024 21:56:51.447",1428.6075,373.5619,1,6,0,0,0,-0.3356524,3.832,-1.286219997,4.87045E-06,0.0424625,1.92176E-05,0.1651476,,-0.001164473,,,,,,,25.73917,0.0194788
95,"	03/13/2024 21:56:51.452",1428.6123,373.5667,1,6,0,0,0,-0.3356409,3.842949,-1.289850861,4.87045E-06,0.04246295,1.92176E-05,0.1651493,,,,,,,,,25.73920812,0.01947688
96,"	03/13/2024 21:57:01.452",1438.6131,383.5675,1,6,0,0,0,-0.3319206,3.844913,-1.27620583,4.87045E-06,0.04339036,1.92176E-05,0.1687148,,0.116538301,,-0.000755045,-1324.42395,,,,25.81863324,0.015476982
97,"	03/13/2024 21:57:11.453",1448.6137,393.5681,1,6,0,0,0,-0.328886,3.845118,-1.264605479,4.87045E-06,0.04430844,1.92176E-05,0.1722448,,0.000222468,,,,,,,25.74451521,-0.018929495
98,"	03/13/2024 21:57:21.453",1458.6141,403.5685,1,6,0,0,0,-0.3265209,3.845568,-1.255658324,4.87045E-06,0.04521865,1.92176E-05,0.175745,,3.93519E-05,,,,,,,25.71599607,0.000444457
99,"	03/13/2024 21:57:31.454",1468.6143,413.5687,1,6,0,0,0,-0.3239145,3.84567,-1.245668275,4.87045E-06,0.04612119,1.92176E-05,0.1792159,,,,,,,,,25.63438,0.001337528
100,"	03/13/2024 21:57:41.455",1478.6159,423.5703,1,6,0,0,0,-0.3217115,3.845619,-1.237179857,4.87045E-06,0.04701805,1.92176E-05,0.1826652,,1.14584E-06,,-0.000975656,,,,,25.59940945,0.012464412
101,"	03/13/2024 21:57:51.456",1488.617,433.5714,1,6,0,0,0,-0.3196239,3.846428,-1.229410318,4.87045E-06,0.04790893,1.92176E-05,0.1860917,,2.47346E-05,,,,,,,25.50885,-0.009136796
102,"	03/13/2024 21:58:01.457",1498.6178,443.5722,1,6,0,0,0,-0.3178816,3.846466,-1.222720766,4.87045E-06,0.04879408,1.92176E-05,0.1894963,,0.001521466,,,,,,,25.45391,-0.0285244
103,"	03/13/2024 21:58:11.458",1508.6186,453.573,1,6,0,0,0,-0.3154383,3.846709,-1.213399348,4.87045E-06,0.04967377,1.92176E-05,0.1928801,,-2.76588E-06,,,,,,,25.36796084,-0.027851469
104,"	03/13/2024 21:58:20.892",1518.0525,463.0069,1,6,0,0,0,-0.2728062,3.857405,-1.052324,4.87045E-06,0.05049697,1.92176E-05,0.1960469,,0.001056893,,,,,,,25.39537782,-0.005686518
105,"	03/13/2024 21:58:22.374",1519.5349,464.4893,1,6,0,0,0,-0.2368889,3.867661,-0.91620596,4.87045E-06,0.05060164,1.92176E-05,0.1964511,,0.00417001,,-0.006743696,-1.628038049,,,,25.38574,-0.003011227
106,"	03/13/2024 21:58:26.105",1523.2653,468.2197,1,6,0,0,0,-0.1984863,3.877899,-0.769709824,4.87045E-06,0.0508206,1.92176E-05,0.1972992,,0.001560051,,-0.000917614,-98.14002228,,,,25.41140488,0.008019509
107,"	03/13/2024 21:58:35.244",1532.4047,477.3591,1,6,0,0,0,-0.1603537,3.888051,-0.623463364,4.87045E-06,0.05127439,1.92176E-05,0.1990608,,0.003417848,,-0.041926809,-46.76165009,,,,25.45063,0.02027631
108,"	03/13/2024 21:58:38.390",1535.5511,480.5055,1,6,0,0,0,-0.2124023,3.872995,-0.822633046,4.87045E-06,0.05141391,1.92176E-05,0.1996032,,-0.023891831,,0.01277636,-22.37704086,,,,25.44132834,-0.00290499
109,"	03/13/2024 21:58:40.530",1537.691,482.6454,1,6,0,0,0,-0.251729,3.862946,-0.972415534,4.87045E-06,0.05155246,1.92176E-05,0.2001391,,-0.007855537,,0.009359065,107.8330002,,,,25.44565,0.001351833
110,"	03/13/2024 21:58:50.530",1547.6911,492.6455,1,6,0,0,0,-0.2675333,3.8594,-1.032518018,4.87045E-06,0.05228093,1.92176E-05,0.2029516,,-0.000283758,,0.021921819,72.46114349,,,,25.49982,0.01237154
111,"	03/13/2024 21:59:00.530",1557.6912,502.6456,1,6,0,0,0,-0.27423,3.857285,-1.057783266,4.87045E-06,0.05303324,1.92176E-05,0.2058543,,-0.000401305,,0.1720649,,,,,25.57540055,-0.002682655
112,"	03/13/2024 21:59:10.531",1567.6921,512.6465,1,6,0,0,0,-0.2796221,3.854909,-1.07791775,4.87045E-06,0.05380228,1.92176E-05,0.2088199,,-0.000170764,,,,,,,25.67774,0.01201987
113,"	03/13/2024 21:59:20.532",1577.693,522.6474,1,6,0,0,0,-0.2843599,3.85397,-1.095914524,4.87045E-06,0.05458572,1.92176E-05,0.2118398,,-2.80534E-05,,,3.759453058,,,,25.74653938,0.004003128
114,"	03/13/2024 21:59:30.533",1587.6941,532.6485,1,6,0,0,0,-0.261528,3.859094,-1.009261136,4.87045E-06,0.05537542,1.92176E-05,0.2148831,,-0.000207129,,-0.049548689,,,,,25.78722,-0.002111197
115,"	03/13/2024 21:59:40.534",1597.695,542.6494,1,6,0,0,0,-0.2425356,3.864433,-0.937262576,4.87045E-06,0.05606642,1.92176E-05,0.2175522,,0.00036877,,-0.044067919,-8.304146767,,,,25.88559,0.005456805
116,"	03/13/2024 21:59:47.916",1605.0766,550.031,1,6,0,0,0,-0.2046366,3.874467,-0.792857754,4.87045E-06,0.056548,1.92176E-05,0.219414,,0.123396501,,-0.00047109,-10.2718401,,,,25.94548,0.005803704
117,"	03/13/2024 21:59:57.916",1615.0766,560.031,1,6,0,0,0,-0.1751995,3.88234,-0.680184027,4.87045E-06,0.05707031,1.92176E-05,0.2214397,,0.000364363,,-0.030620631,,,,,26.0096124,-0.006553407
118,"	03/13/2024 22:00:07.916",1625.0768,570.0312,1,6,0,0,0,-0.1535902,3.887941,-0.597149636,4.87045E-06,0.0575277,1.92176E-05,0.2232165,,0.000393728,,-0.072511777,-17.90460968,,,,26.11256115,0.004123939
119,"	03/13/2024 22:00:17.917",1635.0776,580.032,1,6,0,0,0,-0.1333008,3.892731,-0.518904156,4.87045E-06,0.05792699,1.92176E-05,0.2247698,,0.000449863,,-0.081278853,,,,,26.12327184,0.001120597
120,"	03/13/2024 22:00:27.917",1645.0778,590.0322,1,6,0,0,0,-0.1146746,3.89845,-0.447053194,4.87045E-06,0.05827213,1.92176E-05,0.2261144,,0.000515282,,-0.05704993,-13.09687042,,,,26.22724238,0.009999186
121,"	03/13/2024 22:00:32.229",1649.3899,594.3443,1,6,0,0,0,-0.107193,3.888347,-0.41680358,4.87045E-06,0.05840528,1.92176E-05,0.2266336,,-0.003603435,,,,,,,26.18316,-0.01377702
122,"	03/13/2024 22:00:32.236",1649.3963,594.3507,1,6,0,0,0,-0.1071825,3.89972,-0.417981739,4.87045E-06,0.05840543,1.92176E-05,0.2266341,,,,,,,,,26.18319895,-0.013766704
123,"	03/13/2024 22:00:42.236",1659.3972,604.3516,1,6,0,0,0,-0.09004402,3.905162,-0.351636485,4.87045E-06,0.05867924,1.92176E-05,0.2277028,,0.000644194,,-0.04181793,-16.72624016,,,,26.24405609,0.00235303
124,"	03/13/2024 22:00:52.237",1669.3981,614.3525,1,6,0,0,0,-0.07390785,3.910121,-0.288988636,4.87045E-06,0.05890662,1.92176E-05,0.2285912,,0.00039344,,-0.04781894,,,,,26.26789,0.01145363
125,"	03/13/2024 22:01:02.238",1679.399,624.3534,1,6,0,0,0,-0.05874538,3.914064,-0.229933177,4.87045E-06,0.05908992,1.92176E-05,0.2293082,,0.113875702,,-0.000134781,-20.03030968,,,,26.34592,0.01836002
126,"	03/13/2024 22:01:12.238",1689.3992,634.3536,1,6,0,0,0,-0.04423809,3.918054,-0.173327225,4.87045E-06,0.05923171,1.92176E-05,0.2298634,,0.000357795,,-0.02624267,,,,,26.41928,0.01190305
127,"	03/13/2024 22:01:22.238",1699.3992,644.3536,1,6,0,0,0,-0.0298624,3.921991,-0.117120064,4.87045E-06,0.05933406,1.92176E-05,0.2302646,,0.000309482,,-9.46313E-05,,,,,26.39406611,0.013775211
128,"	03/13/2024 22:01:29.892",1707.053,652.0074,1,6,0,0,0,-0.07658386,3.910097,-0.299450321,4.87045E-06,0.05939265,1.92176E-05,0.2304944,,-0.001751214,,0.000543388,2009.646973,,,,26.45143625,-0.001547136
129,"	03/13/2024 22:01:32.458",1709.6184,654.5728,1,6,0,0,0,-0.1127119,3.899856,-0.439560179,4.87045E-06,0.05946158,1.92176E-05,0.2307635,,-0.001968795,,0.00426747,349.782196,,,,26.45144,-0.001547337
130,"	03/13/2024 22:01:42.459",1719.6202,664.5746,1,6,0,0,0,-0.132761,3.895537,-0.517175388,4.87045E-06,0.05980656,1.92176E-05,0.2321082,,-0.00080533,,0.060229398,31.26140022,,,,26.50561,-0.01343489
131,"	03/13/2024 22:01:45.215",1722.3755,667.3299,1,6,0,0,0,-0.1360722,3.882733,-0.528332021,4.87045E-06,0.05990936,1.92176E-05,0.2325086,,-0.002584586,,,,,,,26.53551,0.009342432
132,"	03/13/2024 22:01:45.220",1722.3805,667.3349,1,6,0,0,0,-0.136014,3.893715,-0.529599752,4.87045E-06,0.05990954,1.92176E-05,0.2325093,,,,,,,,,26.53552295,0.0093186
133,"	03/13/2024 22:01:46.890",1724.0507,669.0051,1,6,0,0,0,-0.1885939,3.881493,-0.732025903,4.87045E-06,0.05997695,1.92176E-05,0.2327716,,-0.001687616,,0.003053423,-3040.187988,,,,26.53984998,0.001357674
134,"	03/13/2024 22:01:48.389",1725.55,670.5044,1,6,0,0,0,-0.2264719,3.870736,-0.876612936,4.87045E-06,0.06006254,1.92176E-05,0.2331034,,-0.004212396,,0.005055563,200.4385986,,,,26.53985,0.001357198
135,"	03/13/2024 22:01:53.626",1730.7867,675.7411,1,6,0,0,0,-0.2584944,3.860318,-0.997870585,4.87045E-06,0.0604183,1.92176E-05,0.2344787,,-0.001544842,,0.02632566,125.7205963,,,,26.61771,0.01488924
136,"	03/13/2024 22:02:02.031",1739.1918,684.1462,1,6,0,0,0,-0.2923317,3.848697,-1.125096137,4.87045E-06,0.06106125,1.92176E-05,0.2369587,,-0.001444703,,0.066264667,29.27643967,,,,26.5712076,0.002448707
137,"	03/13/2024 22:02:12.032",1749.1925,694.1469,1,6,0,0,0,-0.3309469,3.84064,-1.271047902,4.87045E-06,0.06192591,1.92176E-05,0.240285,,-0.001763412,,0.1143011,18.07445908,,,,26.60358969,-0.002223207
138,"	03/13/2024 22:02:22.033",1759.1936,704.148,1,6,0,0,0,-0.3499718,3.835764,-1.342409231,4.87045E-06,0.06289195,1.92176E-05,0.2439911,,0.000790633,,0.096426956,11.04475975,,,,26.58557,-0.01843154
139,"	03/13/2024 22:02:30.285",1767.4455,712.3999,1,6,0,0,0,-0.3681536,3.820532,-1.40654261,4.87045E-06,0.06371064,1.92176E-05,0.2471292,,-0.006469647,,0.096260794,10.38319969,,,,26.60122662,0.014887048
140,"	03/13/2024 22:02:30.369",1767.5297,712.4841,1,6,0,0,0,-0.36833,3.830697,-1.410960626,4.87045E-06,0.06371874,1.92176E-05,0.2471602,,,,,,,,,26.60123,0.01488745
141,"	03/13/2024 22:02:39.391",1776.5513,721.5057,1,6,0,0,0,-0.3232393,3.840718,-1.241470998,4.87045E-06,0.06465802,1.92176E-05,0.2507553,,0.005172278,,-0.009991984,-13.0071497,,,,26.52409639,-0.012439186
142,"	03/13/2024 22:02:49.392",1786.5523,731.5067,1,6,0,0,0,-0.3070211,3.84438,-1.180305776,4.87045E-06,0.06551877,1.92176E-05,0.254064,,0.000858994,,-0.089700371,-64.31291199,,,,26.47471287,-0.006215039
143,"	03/13/2024 22:02:59.392",1796.5532,741.5076,1,6,0,0,0,-0.3074589,3.843236,-1.181637113,4.87045E-06,0.06637153,1.92176E-05,0.2573423,,-1.52912E-05,,,,,,,26.50319,-0.001777411
144,"	03/13/2024 22:03:09.393",1806.5539,751.5083,1,6,0,0,0,-0.3091135,3.843301,-1.188016224,4.87045E-06,0.06722733,1.92176E-05,0.2606318,,-8.83447E-05,,,,,,,26.51030343,0.013748252
145,"	03/13/2024 22:03:15.689",1812.8502,757.8046,1,6,0,0,0,-0.3110056,3.831011,-1.191465875,4.87045E-06,0.06776942,1.92176E-05,0.262715,,-0.001374946,,-0.001139937,,,,,26.47023,0.003224611
146,"	03/13/2024 22:03:15.694",1812.855,757.8094,1,6,0,0,0,-0.3110933,3.841994,-1.195218592,4.87045E-06,0.06776997,1.92176E-05,0.2627171,,,,,,,,,26.47022456,0.00322019
147,"	03/13/2024 22:03:25.695",1822.8558,767.8102,1,6,0,0,0,-0.3142061,3.841407,-1.206993512,4.87045E-06,0.06863846,1.92176E-05,0.2660538,,-0.000127503,,-0.000754132,-1326.026978,,,,26.45889103,-0.005990771
148,"	03/13/2024 22:03:33.167",1830.3279,775.2823,1,6,0,0,0,-0.3477526,3.831354,-1.332363315,4.87045E-06,0.06931816,1.92176E-05,0.2686622,,-0.001409527,,0.035502799,7.493377209,,,,26.40556788,0.001766578
149,"	03/13/2024 22:03:43.168",1840.3288,785.2832,1,6,0,0,0,-0.363781,3.828475,-1.392726464,4.87045E-06,0.07030761,1.92176E-05,0.2724515,,-0.000521764,,0.156639501,,,,,26.34978,-0.003315806
150,"	03/13/2024 22:03:47.391",1844.5513,789.5057,1,6,0,0,0,-0.3204689,3.838577,-1.230144549,4.87045E-06,0.07073037,1.92176E-05,0.2740699,,0.03481926,,-0.1194546,,,,,26.29703,-0.01648664
151,"	03/13/2024 22:03:57.391",1854.5514,799.5058,1,6,0,0,0,-0.2877684,3.846318,-1.106848777,4.87045E-06,0.07155701,1.92176E-05,0.2772477,,0.000404158,,-0.028803039,-6.09711504,,,,26.30169864,0.013217033
152,"	03/13/2024 22:04:07.392",1864.5523,809.5067,1,6,0,0,0,-0.2751703,3.850204,-1.05946179,4.87045E-06,0.072339,1.92176E-05,0.280257,,0.000275588,,-0.158779696,,,,,26.26335,0.009137988
153,"	03/13/2024 22:04:10.503",1867.6634,812.6178,1,6,0,0,0,-0.2713604,3.837928,-1.041461677,4.87045E-06,0.07257491,1.92176E-05,0.2811654,,-0.008153575,,,,,,,26.26609221,0.000856785
154,"	03/13/2024 22:04:10.509",1867.6698,812.6242,1,6,0,0,0,-0.2713795,3.850114,-1.044842012,4.87045E-06,0.07257532,1.92176E-05,0.281167,,,,,,,,,26.26604671,0.000853295
155,"	03/13/2024 22:04:20.509",1877.67,822.6244,1,6,0,0,0,-0.2545948,3.855047,-0.98147492,4.87045E-06,0.07331339,1.92176E-05,0.2840102,,0.000244469,,-0.109504901,-5.423810005,,,,26.19382549,-0.004687254
156,"	03/13/2024 22:04:21.405",1878.5661,823.5205,1,6,0,0,0,-0.2203007,3.865078,-0.851479389,4.87045E-06,0.07337373,1.92176E-05,0.2842431,,0.000253997,,-0.008854167,-17.63814926,,,,26.19382477,-0.004687309
157,"	03/13/2024 22:04:26.424",1883.5846,828.539,1,6,0,0,0,-0.1811552,3.875349,-0.702039623,4.87045E-06,0.07364736,1.92176E-05,0.285302,,0.001253643,,-0.03480316,-46.02046967,,,,26.21202623,0.005687865
158,"	03/13/2024 22:04:36.425",1893.5854,838.5398,1,6,0,0,0,-0.1465435,3.88329,-0.569070908,4.87045E-06,0.07410361,1.92176E-05,0.2870717,,0.000814643,,-0.046469759,,,,,26.13514,-0.006442666
162,"	03/13/2024 22:05:38.929",1956.0894,60.0018,1,7,0,0,0,0,3.925899,0,4.87802E-06,0.07416268,1.92473E-05,0.2873012,,4.71412E-05,,,,,,,25.72615,-0.03159463
163,"	03/13/2024 22:05:38.929",1956.0898,60.0022,1,7,0,0,0,0,3.925899,0,4.87802E-06,0.07416268,1.92473E-05,0.2873012,,4.71412E-05,0.436077595,0,0,,,,25.72614901,-0.031594519
164,"	03/13/2024 22:05:38.973",1956.1339,0.0048,1,8,0,0,0,0.09997171,3.950033,0.394891554,4.87802E-06,0.07416268,1.92473E-05,0.2873012,,0.01470222,0.436077595,0,0,,,,25.72603972,-0.031582279
165,"	03/13/2024 22:06:39.014",2016.1747,60.0016,1,9,0,0,0,0,3.927032,0,5.02242E-06,0.07416268,1.98177E-05,0.2873012,,3.44569E-05,,,,,,,25.57724,-0.01491725
166,"	03/13/2024 22:07:39.014",2076.1747,120.0016,1,9,0,0,0,0,3.927757,0,5.02242E-06,0.07416268,1.98177E-05,0.2873012,,-7.82335E-06,,,,,,,25.23565,-0.01315475
167,"	03/13/2024 22:07:39.015",2076.176,120.0029,1,9,0,0,0,0,3.927745,0,5.02242E-06,0.07416268,1.98177E-05,0.2873012,,-7.82335E-06,0.436077595,0,0,,,,25.23565,-0.01315475
168,"	03/13/2024 22:07:39.066",2076.2265,0.0097,1,10,0,0,0,-1.125478,3.635924,-4.092152472,5.02263E-06,0.07416268,1.98185E-05,0.2873012,,-0.02563375,,,,,,,25.23565,-0.01315475
169,"	03/13/2024 22:07:39.559",2076.7194,0.5026,1,10,0,0,0,-0.7632847,3.733343,-2.849603592,5.02263E-06,0.07431686,1.98185E-05,0.2878616,,,,,,,,,25.2356453,-0.028847253
170,"	03/13/2024 22:07:39.587",2076.7474,0.5306,1,10,0,0,0,-0.7176456,3.743842,-2.686751738,5.02263E-06,0.07432252,1.98185E-05,0.2878828,,,,,,,,,25.2356453,-0.028847253
171,"	03/13/2024 22:07:40.063",2077.2235,1.0067,1,10,0,0,0,-0.4534082,3.81115,-1.728006661,5.02263E-06,0.07441735,1.98185E-05,0.2882377,,0.1692518,,-0.002102375,-281.8575134,,,,25.2356453,-0.028850436
172,"	03/13/2024 22:07:40.560",2077.7211,1.5043,1,10,0,0,0,-0.2853212,3.855282,-1.099993687,5.02263E-06,0.07448027,1.98185E-05,0.2884775,,,,,,,,,25.23565,-0.02885044
173,"	03/13/2024 22:07:41.060",2078.2211,2.0043,1,10,0,0,0,-0.1836519,3.879777,-0.712528418,5.02263E-06,0.07451952,1.98185E-05,0.2886288,,0.049000051,,-0.001414408,-707.0098267,,,,25.2356453,-0.028850436
174,"	03/13/2024 22:07:41.564",2078.7243,2.5075,1,10,0,0,0,-0.1076641,3.899131,-0.41979643,5.02263E-06,0.07454413,1.98185E-05,0.2887243,,,,,,,,,25.23565,-0.02885044
175,"	03/13/2024 22:07:42.063",2079.2233,3.0065,1,10,0,0,0,-0.06508636,3.909994,-0.254487277,5.02263E-06,0.07455909,1.98185E-05,0.2887827,,0.021831401,,-0.001359352,-735.6447754,,,,25.25414478,0.005775308
176,"	03/13/2024 22:07:43.064",2080.225,4.0082,1,10,0,0,0,-0.02200508,3.920879,-0.086279256,5.02263E-06,0.074573,1.98185E-05,0.2888371,,0.004312371,,-0.001748913,,,,,25.25414848,0.005782247
177,"	03/13/2024 22:07:53.064",2090.2252,14.0084,1,10,0,0,0,-0.02323914,3.920993,-0.091120505,5.02263E-06,0.07460077,1.98185E-05,0.288946,,-0.000196902,,-0.000841527,-781.2791748,,,,25.27367,0.003465437
178,"	03/13/2024 22:08:03.065",2100.2262,24.0094,1,10,0,0,0,-0.04857826,3.914401,-0.19015479,5.02263E-06,0.07470183,1.98185E-05,0.2893419,,-0.000715204,,0.00910712,,,,,25.24687,-0.004364252
179,"	03/13/2024 22:08:13.067",2110.2278,34.011,1,10,0,0,0,-0.06485939,3.910555,-0.253636212,5.02263E-06,0.07485946,1.98185E-05,0.2899586,,-0.00043631,,0.03344842,43.58982849,,,,25.16412246,-0.008559185
180,"	03/13/2024 22:08:23.067",2120.2279,44.0111,1,10,0,0,0,-0.07614899,3.906647,-0.297487223,5.02263E-06,0.07505535,1.98185E-05,0.2907243,,-0.000367303,,,,,,,25.21145773,0.002776271
181,"	03/13/2024 22:08:33.068",2130.2288,54.012,1,10,0,0,0,-0.0848484,3.905107,-0.331342081,5.02263E-06,0.07527895,1.98185E-05,0.2915978,,-9.04227E-05,,-0.000365686,,,,,25.19895757,-0.013382869
182,"	03/13/2024 22:08:43.069",2140.2298,64.013,1,10,0,0,0,-0.09198475,3.902259,-0.358948319,5.02263E-06,0.07552449,1.98185E-05,0.2925564,,-0.000187949,,0.07740806,,,,,25.20248028,0.009243858
183,"	03/13/2024 22:08:53.069",2150.2299,74.0131,1,10,0,0,0,-0.09851265,3.90095,-0.384292922,5.02263E-06,0.07578912,1.98185E-05,0.293589,,-0.000198109,,-0.00030765,12.66065979,,,,25.15672,0.0033319
184,"	03/13/2024 22:09:03.070",2160.2307,84.0139,1,10,0,0,0,-0.1052437,3.899305,-0.410377286,5.02263E-06,0.07607182,1.98185E-05,0.2946915,,-8.47827E-05,,,,,,,25.2212785,-0.003009375
185,"	03/13/2024 22:09:13.070",2170.2307,94.0139,1,10,0,0,0,-0.1117716,3.897434,-0.435622434,5.02263E-06,0.07637285,1.98185E-05,0.295865,,-0.000189441,,0.082193628,,,,,25.2658439,-0.00323355
186,"	03/13/2024 22:09:23.071",2180.2318,104.015,1,10,0,0,0,-0.1188593,3.895501,-0.463016522,5.02263E-06,0.07669282,1.98185E-05,0.2971117,,-7.95025E-05,,-0.000384977,13.36758041,,,,25.2473318,0.023074483
187,"	03/13/2024 22:09:33.072",2190.2327,114.0159,1,10,0,0,0,-0.1267548,3.893043,-0.493461887,5.02263E-06,0.0770333,1.98185E-05,0.2984376,,-0.000178214,,,,,,,25.28829,-0.002687573
188,"	03/13/2024 22:09:43.073",2200.2337,124.0169,1,10,0,0,0,-0.1350975,3.890849,-0.525643973,5.02263E-06,0.07739574,1.98185E-05,0.2998481,,-0.00010505,,0.1032129,,,,,25.26937694,0.010247101
189,"	03/13/2024 22:09:53.075",2210.2353,134.0185,1,10,0,0,0,-0.1436911,3.88826,-0.558708356,5.02263E-06,0.07778175,1.98185E-05,0.3013495,,-0.000288038,,,,,,,25.25685,-0.02541125
190,"	03/13/2024 22:10:03.075",2220.2354,144.0186,1,10,0,0,0,-0.1531906,3.885523,-0.5952256,5.02263E-06,0.07819328,1.98185E-05,0.302949,,-0.000130883,,-0.000605194,,,,,25.18694,-0.03041208
191,"	03/13/2024 22:10:13.075",2230.2354,154.0186,1,10,0,0,0,-0.163415,3.882543,-0.634465764,5.02263E-06,0.07863228,1.98185E-05,0.3046541,,-0.000339897,,,,,,,25.18579866,0.011708911
192,"	03/13/2024 22:10:23.076",2240.2365,164.0197,1,10,0,0,0,-0.1743174,3.87955,-0.676273069,5.02263E-06,0.07910036,1.98185E-05,0.3064707,,-0.000365201,,0.1001793,,,,,25.16757,0.005008578
193,"	03/13/2024 22:10:33.077",2250.2381,174.0213,1,10,0,0,0,-0.1859808,3.875986,-0.720858977,5.02263E-06,0.07960003,1.98185E-05,0.3084083,,-0.000508346,,0.1353921,3.931521893,,,,25.1082884,0.008692109
194,"	03/13/2024 22:10:43.077",2260.2382,184.0214,1,10,0,0,0,-0.1985264,3.872457,-0.768784947,5.02263E-06,0.08013286,1.98185E-05,0.3104725,,-0.000395159,,,,,,,25.0305,-0.02331555
195,"	03/13/2024 22:10:47.850",2265.0112,188.7944,1,10,0,0,0,-0.203927,3.859785,-0.787114376,5.02263E-06,0.0803994,1.98185E-05,0.3115045,,-0.00842593,,0.152481705,,,,,25.02375,-0.004785657
196,"	03/13/2024 22:10:47.855",2265.0159,188.7991,1,10,0,0,0,-0.2039928,3.870136,-0.789479879,5.02263E-06,0.08039977,1.98185E-05,0.3115059,,,,,,,,,25.02377883,-0.004785552
197,"	03/13/2024 22:10:57.856",2275.0168,198.8,1,10,0,0,0,-0.2176867,3.866914,-0.841775748,5.02263E-06,0.0809854,1.98185E-05,0.3137715,,-0.000413106,,0.103914902,-1932.036987,,,,25.08512,-0.00456214
198,"	03/13/2024 22:11:07.857",2285.0178,208.801,1,10,0,0,0,-0.2318192,3.862956,-0.89550737,5.02263E-06,0.08160927,1.98185E-05,0.3161826,,-0.00040513,,,,,,,25.09579,0.003783107
199,"	03/13/2024 22:11:17.857",2295.0178,218.801,1,10,0,0,0,-0.246232,3.858354,-0.950050222,5.02263E-06,0.08227322,1.98185E-05,0.3187458,,-0.000424676,,0.137395203,8.192783356,,,,25.04364447,0.003560784
200,"	03/13/2024 22:11:27.857",2305.0179,228.8011,1,10,0,0,0,-0.2617626,3.854152,-1.008872848,5.02263E-06,0.08297939,1.98185E-05,0.3214689,,-0.000223931,,0.166792899,,,,,25.0504,0.002435446
201,"	03/13/2024 22:11:33.424",2310.5844,234.3676,1,10,0,0,0,-0.2709589,3.839673,-1.040393572,5.02263E-06,0.08339108,1.98185E-05,0.323055,,-0.027618799,,0.138287902,6.540030956,,,,25.054,0.001450777
202,"	03/13/2024 22:11:33.429",2310.59,234.3732,1,10,0,0,0,-0.2707815,3.850518,-1.04264904,5.02263E-06,0.08339179,1.98185E-05,0.3230577,,,,,,,,,25.05393068,0.001440484
203,"	03/13/2024 22:11:43.430",2320.591,244.3742,1,10,0,0,0,-0.2874279,3.846563,-1.105609525,5.02263E-06,0.08416715,1.98185E-05,0.326042,,-0.000745827,,0.095635347,-1565.380981,,,,24.93013315,-0.016941244
204,"	03/13/2024 22:11:53.432",2330.5927,254.3759,1,10,0,0,0,-0.3043146,3.841159,-1.168920765,5.02263E-06,0.08499002,1.98185E-05,0.3292049,,-0.001342767,,0.179639906,8.356782913,,,,24.97111,0.000770688
205,"	03/13/2024 22:12:03.432",2340.5927,264.3759,1,10,0,0,0,-0.3230686,3.83644,-1.2394333,5.02263E-06,0.08586214,1.98185E-05,0.3325528,,-0.000228555,,0.173207104,,,,,24.92796178,0.005458546
206,"	03/13/2024 22:12:13.432",2350.5927,274.3759,1,10,0,0,0,-0.3416548,3.830547,-1.308724769,5.02263E-06,0.08678537,1.98185E-05,0.3360917,,-0.000802973,,0.177576497,5.436462879,,,,24.93364519,0.009708362
207,"	03/13/2024 22:12:17.651",2354.8122,278.5954,1,10,0,0,0,-0.3504391,3.815564,-1.337122814,5.02263E-06,0.08719059,1.98185E-05,0.3376434,,-0.00890517,,,,,,,24.91969,-0.000444651
208,"	03/13/2024 22:12:17.658",2354.8186,278.6018,1,10,0,0,0,-0.3505621,3.82794,-1.341930685,5.02263E-06,0.08719107,1.98185E-05,0.3376453,,,,,,,,,24.91971124,-0.000436873
209,"	03/13/2024 22:12:27.659",2364.8194,288.6026,1,10,0,0,0,-0.3703623,3.822327,-1.415645819,5.02263E-06,0.0881907,1.98185E-05,0.3414691,,-0.000592774,,0.114246801,-1326.922974,,,,24.9529,0.01171708
210,"	03/13/2024 22:12:37.659",2374.8194,298.6026,1,10,0,0,0,-0.3543949,3.825762,-1.355830541,5.02263E-06,0.08919025,1.98185E-05,0.3452919,,0.003483452,,-0.168789297,,,,,24.98284,0.01316786
211,"	03/13/2024 22:12:47.659",2384.8196,308.6028,1,10,0,0,0,-0.355217,3.82544,-1.35886132,5.02263E-06,0.0901868,1.98185E-05,0.3491029,,-4.74929E-05,,0.165351599,,,,,24.97319994,0.012164126
212,"	03/13/2024 22:12:57.659",2394.8198,318.603,1,10,0,0,0,-0.3336086,3.829651,-1.277604509,5.02263E-06,0.09112396,1.98185E-05,0.3526914,,0.001346962,,-0.117695898,,,,,24.94142,0.005912781
213,"	03/13/2024 22:13:07.660",2404.8206,328.6038,1,10,0,0,0,-0.3327494,3.829995,-1.274428538,5.02263E-06,0.09204996,1.98185E-05,0.3562379,,-0.00027987,,,,,,,24.88821,-0.00636816
214,"	03/13/2024 22:13:17.660",2414.8207,338.6039,1,10,0,0,0,-0.3323441,3.830035,-1.272889535,5.02263E-06,0.0929737,1.98185E-05,0.3597756,,,,,,,,,24.8699953,0.006463399
215,"	03/13/2024 22:13:22.210",2419.3712,343.1544,1,10,0,0,0,-0.3324175,3.817749,-1.269086578,5.02263E-06,0.09339328,1.98185E-05,0.3613824,,-0.003018604,,,,,,,24.82217,-0.01494586
216,"	03/13/2024 22:13:22.215",2419.376,343.1592,1,10,0,0,0,-0.3325291,3.828958,-1.273239958,5.02263E-06,0.09339388,1.98185E-05,0.3613847,,,,,,,,,24.8221556,-0.014944898
217,"	03/13/2024 22:13:32.215",2429.3761,353.1593,1,10,0,0,0,-0.332428,3.829419,-1.273006099,5.02263E-06,0.09431723,1.98185E-05,0.3649204,,0.110867999,,-0.000791026,-1264.18103,,,,24.79216,-0.01294076
218,"	03/13/2024 22:13:42.216",2439.377,363.1602,1,10,0,0,0,-0.3325663,3.828692,-1.273293932,5.02263E-06,0.09524115,1.98185E-05,0.368458,,-2.66297E-05,,,,,,,24.77675835,-0.007597261
219,"	03/13/2024 22:13:52.217",2449.3778,373.161,1,10,0,0,0,-0.3337164,3.828081,-1.27749341,5.02263E-06,0.09616648,1.98185E-05,0.3720005,,7.74478E-06,,,,,,,24.6781607,-0.00915347
220,"	03/13/2024 22:14:02.217",2459.3781,383.1613,1,10,0,0,0,-0.3342762,3.82766,-1.27949564,5.02263E-06,0.09709304,1.98185E-05,0.3755472,,-7.90988E-05,,,,,,,24.6042259,-0.001673773
221,"	03/13/2024 22:14:12.218",2469.3783,393.1615,1,10,0,0,0,-0.3346329,3.827247,-1.280722763,5.02263E-06,0.09802209,1.98185E-05,0.379103,,0.177655905,,-0.001671151,-1078.651978,,,,24.56486,-0.001683235
222,"	03/13/2024 22:14:22.218",2479.3791,403.1623,1,10,0,0,0,-0.3356829,3.827187,-1.284721231,5.02263E-06,0.09895332,1.98185E-05,0.3826666,,-1.79001E-05,,,,,,,24.54271,-0.008808374
223,"	03/13/2024 22:14:32.219",2489.3798,413.163,1,10,0,0,0,-0.3362045,3.825924,-1.286292865,5.02263E-06,0.09988688,1.98185E-05,0.3862386,,0.005726766,,,,,,,24.53194057,0.011496937
224,"	03/13/2024 22:14:42.220",2499.3808,423.164,1,10,0,0,0,-0.3372192,3.82542,-1.290005072,5.02263E-06,0.1008225,1.98185E-05,0.389818,,,,,,,,,24.51084,-0.000899434
225,"	03/13/2024 22:14:52.220",2509.381,433.1642,1,10,0,0,0,-0.3378849,3.825426,-1.292553681,5.02263E-06,0.10176,1.98185E-05,0.393404,,-0.000742211,,-0.001645623,,,,,24.41685008,-0.00793152
226,"	03/13/2024 22:14:52.347",2509.5082,433.2914,1,10,0,0,0,-0.3379774,3.812533,-1.288549991,5.02263E-06,0.101772,1.98185E-05,0.39345,,,,,,,,,24.41684914,-0.00793159
227,"	03/13/2024 22:14:52.355",2509.5154,433.2986,1,10,0,0,0,-0.3382177,3.824384,-1.29347436,5.02263E-06,0.1017725,1.98185E-05,0.3934517,,,,,,,,,24.41681895,-0.007943475
228,"	03/13/2024 22:15:02.355",2519.5155,443.2987,1,10,0,0,0,-0.3387852,3.824655,-1.295736509,5.02263E-06,0.1027128,1.98185E-05,0.3970481,,0.122994699,,-0.000762459,-1311.546997,,,,24.3743,-0.02468228
229,"	03/13/2024 22:15:12.356",2529.5163,453.2995,1,10,0,0,0,-0.3399887,3.822792,-1.299706082,5.02263E-06,0.1036554,1.98185E-05,0.4006525,,-6.88223E-05,,,,,,,24.34675,-0.004139543
230,"	03/13/2024 22:15:22.063",2539.2237,463.0069,1,10,0,0,0,-0.2946711,3.835048,-1.130077813,5.02263E-06,0.104571,1.98185E-05,0.4041536,,0.002097338,,,,,,,24.26307,-0.02022088
231,"	03/13/2024 22:15:23.059",2540.2197,464.0029,1,10,0,0,0,-0.2551155,3.84513,-0.980952263,5.02263E-06,0.1046491,1.98185E-05,0.4044535,,0.003945952,,-0.006578503,-3.62223196,,,,24.26307,-0.02022088
232,"	03/13/2024 22:15:26.077",2543.2375,467.0207,1,10,0,0,0,-0.2181635,3.855708,-0.841174752,5.02263E-06,0.1048462,1.98185E-05,0.4052121,,0.002621456,,-0.02058913,-128.9759979,,,,24.28703,0.007488728
233,"	03/13/2024 22:15:34.029",2551.1896,474.9728,1,10,0,0,0,-0.1824608,3.865894,-0.705374112,5.02263E-06,0.1052862,1.98185E-05,0.4069104,,0.001127395,,-0.039386742,-53.72241974,,,,24.23874,-0.01419485
234,"	03/13/2024 22:15:39.563",2556.7238,480.507,1,10,0,0,0,-0.2300205,3.85284,-0.886232183,5.02263E-06,0.1055518,1.98185E-05,0.4079374,,-0.009022956,,0.01535598,-23.1523304,,,,24.22478129,-0.003241499
235,"	03/13/2024 22:15:41.080",2558.2408,482.024,1,10,0,0,0,-0.268136,3.842534,-1.030321697,5.02263E-06,0.1056558,1.98185E-05,0.4083377,,-0.004666656,,0.005829141,49.11457062,,,,24.22478104,-0.003241301
236,"	03/13/2024 22:15:51.080",2568.2409,492.0241,1,10,0,0,0,-0.2934122,3.835899,-1.125499565,5.02263E-06,0.1064485,1.98185E-05,0.4113802,,-0.000366865,,0.052071419,99.17521667,,,,24.25802007,0.01284464
237,"	03/13/2024 22:15:56.066",2573.2265,497.0097,1,10,0,0,0,-0.2982578,3.825115,-1.140870385,5.02263E-06,0.1068577,1.98185E-05,0.4129495,,-0.000438797,,,,,,,24.14752,-0.01732707
238,"	03/13/2024 22:15:56.323",2573.4842,497.2674,1,10,0,0,0,-0.2982473,3.835877,-1.144039958,5.02263E-06,0.1068791,1.98185E-05,0.4130315,,,,,,,,,24.14752,-0.01732707
239,"	03/13/2024 22:15:56.570",2573.7306,497.5138,1,10,0,0,0,-0.2991934,3.822582,-1.143691305,5.02263E-06,0.1068993,1.98185E-05,0.4131092,,,,,,,,,24.14752,-0.01732707
240,"	03/13/2024 22:15:56.575",2573.7354,497.5186,1,10,0,0,0,-0.2989578,3.833646,-1.146098374,5.02263E-06,0.1068999,1.98185E-05,0.4131113,,,,,,,,,24.14754675,-0.017309861
241,"	03/13/2024 22:16:06.575",2583.7362,507.5194,1,10,0,0,0,-0.3081274,3.831507,-1.18059229,5.02263E-06,0.1077427,1.98185E-05,0.4163417,,-0.001031326,,-0.000724325,-1380.595947,,,,24.20328,0.01854599
242,"	03/13/2024 22:16:16.576",2593.737,517.5202,1,10,0,0,0,-0.3164949,3.829182,-1.211916574,5.02263E-06,0.1086097,1.98185E-05,0.4196626,,-0.000268296,,0.210221499,,,,,24.192196,-0.016532786
243,"	03/13/2024 22:16:26.577",2603.7382,527.5214,1,10,0,0,0,-0.3240156,3.826793,-1.23994063,5.02263E-06,0.1094987,1.98185E-05,0.4230655,,-0.000163371,,,,,,,24.21362,-0.01273632
244,"	03/13/2024 22:16:36.579",2613.7397,537.5229,1,10,0,0,0,-0.3312159,3.824194,-1.266633857,5.02263E-06,0.1104084,1.98185E-05,0.4265455,,-0.00010229,,0.42378819,3.572357893,,,,24.23115141,0.001227716
245,"	03/13/2024 22:16:46.580",2623.7406,547.5238,1,10,0,0,0,-0.3381968,3.822152,-1.292639576,5.02263E-06,0.1113381,1.98185E-05,0.4301002,,-0.000461226,,-0.001855764,,,,,24.22539,-0.01364172
246,"	03/13/2024 22:16:56.581",2633.7417,557.5249,1,10,0,0,0,-0.3456774,3.820243,-1.320571668,5.02263E-06,0.1122868,1.98185E-05,0.4337253,,-8.42282E-05,,0.278641403,,,,,24.28867849,0.009161006
247,"	03/13/2024 22:17:06.581",2643.7418,567.525,1,10,0,0,0,-0.3521118,3.818,-1.344362852,5.02263E-06,0.1132552,1.98185E-05,0.4374236,,-0.00019256,,,,,,,24.25366,-0.01027048
248,"	03/13/2024 22:17:16.581",2653.7419,577.5251,1,10,0,0,0,-0.3593073,3.815775,-1.371035813,5.02263E-06,0.1142429,1.98185E-05,0.4411933,,-0.000235567,,,,,,,24.24436,0.01061678
249,"	03/13/2024 22:17:26.037",2663.198,586.9812,1,10,0,0,0,-0.3654518,3.801692,-1.389335184,5.02263E-06,0.1151941,1.98185E-05,0.444822,,-0.005765273,,0.466514111,2.141004086,,,,24.1578302,-0.025245764
250,"	03/13/2024 22:17:26.042",2663.2028,586.986,1,10,0,0,0,-0.3654394,3.813075,-1.39344784,5.02263E-06,0.1151948,1.98185E-05,0.4448246,,,,,,,,,24.15783877,-0.025243244
251,"	03/13/2024 22:17:36.043",2673.2036,596.9868,1,10,0,0,0,-0.3719416,3.811513,-1.417660244,5.02263E-06,0.1162201,1.98185E-05,0.4487335,,-0.000144289,,-0.001707467,-1125.970947,,,,24.17606526,-0.019881779
252,"	03/13/2024 22:17:46.044",2683.2045,606.9877,1,10,0,0,0,-0.3794966,3.809167,-1.445565925,5.02263E-06,0.1172651,1.98185E-05,0.4527149,,-0.00021717,,0.325427711,,,,,24.24757695,0.0091675
253,"	03/13/2024 22:17:56.044",2693.2048,616.988,1,10,0,0,0,-0.3604116,3.813586,-1.374460632,5.02263E-06,0.1183004,1.98185E-05,0.4566601,,0.001990467,,-0.179651901,,,,,24.25725,-0.004354119
254,"	03/13/2024 22:18:06.044",2703.2049,626.9881,1,10,0,0,0,-0.3575363,3.814223,-1.363723179,5.02263E-06,0.1192959,1.98185E-05,0.460457,,0.000372074,,,,,,,24.2883374,-0.003010644
255,"	03/13/2024 22:18:11.611",2708.7713,632.5545,1,10,0,0,0,-0.3574791,3.800991,-1.358774842,5.02263E-06,0.1198481,1.98185E-05,0.4625631,,-0.004248442,,-0.001718213,,,,,24.27081,-0.007711649
256,"	03/13/2024 22:18:11.614",2708.7752,632.5584,1,10,0,0,0,-0.3573761,3.813273,-1.362772633,5.02263E-06,0.1198487,1.98185E-05,0.4625654,,,,,,,,,24.27081501,-0.007712348
257,"	03/13/2024 22:18:21.615",2718.7754,642.5586,1,10,0,0,0,-0.3574686,3.812915,-1.362997387,5.02263E-06,0.1208415,1.98185E-05,0.4663516,,0.125894099,,-0.000768329,-1301.526001,,,,24.28367,-0.009505749
258,"	03/13/2024 22:18:31.615",2728.7762,652.5594,1,10,0,0,0,-0.3575726,3.812953,-1.363407518,5.02263E-06,0.1218346,1.98185E-05,0.4701386,,-7.50726E-05,,,,,,,24.2876,-0.002801418
259,"	03/13/2024 22:18:41.616",2738.7763,662.5595,1,10,0,0,0,-0.3578167,3.813229,-1.364437017,5.02263E-06,0.1228273,1.98185E-05,0.4739242,,-5.27097E-05,,,,,,,24.35340243,-0.002904533
260,"	03/13/2024 22:18:51.617",2748.7781,672.5613,1,10,0,0,0,-0.3575735,3.812656,-1.36330475,5.02263E-06,0.1238203,1.98185E-05,0.4777104,,-1.97153E-05,,,,,,,24.3741453,-0.001898418
261,"	03/13/2024 22:18:56.174",2753.335,677.1182,1,10,0,0,0,-0.3571005,3.800779,-1.357260081,5.02263E-06,0.1242723,1.98185E-05,0.4794336,,-0.001403988,,,,,,,24.36518,0.01351297
262,"	03/13/2024 22:18:56.181",2753.3413,677.1245,1,10,0,0,0,-0.357439,3.811865,-1.362509214,5.02263E-06,0.1242728,1.98185E-05,0.4794356,,,,,,,,,24.36517799,0.013501719
263,"	03/13/2024 22:19:06.181",2763.3413,687.1245,1,10,0,0,0,-0.357481,3.812551,-1.362914544,5.02263E-06,0.1252659,1.98185E-05,0.4832217,,0.1198337,,-0.000827141,-1208.984009,,,,24.36199001,-0.004356325
264,"	03/13/2024 22:19:16.181",2773.3414,697.1246,1,10,0,0,0,-0.3575611,3.812049,-1.363040434,5.02263E-06,0.1262588,1.98185E-05,0.4870069,,-6.89448E-05,,,,,,,24.3913,-0.008603334
265,"	03/13/2024 22:19:26.182",2783.3424,707.1256,1,10,0,0,0,-0.3576899,3.811926,-1.36348743,5.02263E-06,0.1272518,1.98185E-05,0.4907922,,0.000974918,,,,,,,24.41523,-0.008035898
266,"	03/13/2024 22:19:36.182",2793.3425,717.1257,1,10,0,0,0,-0.3574915,3.811763,-1.362672873,5.02263E-06,0.1282444,1.98185E-05,0.4945754,,-0.000182313,,,,,,,24.43349,-0.00670135
267,"	03/13/2024 22:19:46.182",2803.3427,727.1259,1,10,0,0,0,-0.3573265,3.811296,-1.36187706,5.02263E-06,0.1292372,1.98185E-05,0.4983593,,5.80834E-05,,,,,,,24.63685405,0.022332974
268,"	03/13/2024 22:19:56.184",2813.3444,737.1276,1,10,0,0,0,-0.3572111,3.811061,-1.361353292,5.02263E-06,0.1302302,1.98185E-05,0.5021436,,-4.25151E-05,,,,,,,24.61219812,0.015521714
269,"	03/13/2024 22:20:06.185",2823.3461,747.1293,1,10,0,0,0,-0.3575649,3.810735,-1.362585079,5.02263E-06,0.1312232,1.98185E-05,0.5059278,,-9.10085E-05,,,,,,,24.6811383,-0.007484921
270,"	03/13/2024 22:20:09.328",2826.4892,750.2724,1,10,0,0,0,-0.357523,3.799009,-1.358233095,5.02263E-06,0.131535,1.98185E-05,0.507116,,-0.00233851,,,,,,,24.69724222,0.005032022
271,"	03/13/2024 22:20:09.336",2826.4964,750.2796,1,10,0,0,0,-0.3576527,3.809799,-1.362584899,5.02263E-06,0.1315357,1.98185E-05,0.5071184,,,,,,,,,24.69724222,0.005032022
272,"	03/13/2024 22:20:09.833",2826.9933,750.7765,1,10,0,0,0,-0.357132,3.799008,-1.356747325,5.02263E-06,0.1315852,1.98185E-05,0.507307,,,,,,,,,24.69724274,0.00503242
273,"	03/13/2024 22:20:09.837",2826.9981,750.7813,1,10,0,0,0,-0.3572721,3.810122,-1.361250288,5.02263E-06,0.1315857,1.98185E-05,0.5073091,,,,,,,,,24.69726288,0.005032365
274,"	03/13/2024 22:20:19.837",2836.9982,760.7814,1,10,0,0,0,-0.3573914,3.810611,-1.3618796,5.02263E-06,0.1325787,1.98185E-05,0.5110926,,0.115469903,,-0.000857312,-1166.436035,,,,24.74011,0.004914999
275,"	03/13/2024 22:20:29.838",2846.9983,770.7815,1,10,0,0,0,-0.3575697,3.809964,-1.362327684,5.02263E-06,0.1335716,1.98185E-05,0.5148758,,-3.77733E-05,,,,,,,24.81977192,0.001235045
276,"	03/13/2024 22:20:39.838",2856.9986,780.7818,1,10,0,0,0,-0.357645,3.809662,-1.362506566,5.02263E-06,0.1345641,1.98185E-05,0.5186568,,0.000821767,,,,,,,24.93867755,0.006026578
277,"	03/13/2024 22:20:49.838",2866.9987,790.7819,1,10,0,0,0,-0.3575211,3.809607,-1.362014885,5.02263E-06,0.135557,1.98185E-05,0.5224396,,-5.36576E-05,,,,,,,24.94011,0.009932518
278,"	03/13/2024 22:20:59.839",2876.9994,800.7826,1,10,0,0,0,-0.3574409,3.80868,-1.361378007,5.02263E-06,0.1365499,1.98185E-05,0.5262218,,,,-0.001639433,,,,,24.97149245,-0.024433388
279,"	03/13/2024 22:21:09.840",2887.0004,810.7836,1,10,0,0,0,-0.3575678,3.808734,-1.361880637,5.02263E-06,0.1375428,1.98185E-05,0.5300037,,-2.97934E-05,,,,,,,25.0025727,0.006693886
280,"	03/13/2024 22:21:19.840",2897.0005,820.7837,1,10,0,0,0,-0.3575754,3.808856,-1.361953208,5.02263E-06,0.1385353,1.98185E-05,0.5337836,,-6.10433E-05,,,,,,,24.99079335,0.011157945
281,"	03/13/2024 22:21:29.841",2907.0014,830.7846,1,10,0,0,0,-0.3574028,3.808598,-1.361203589,5.02263E-06,0.1395283,1.98185E-05,0.5375654,,-1.71878E-05,,,,,,,25.05542881,0.013053398
285,"	03/13/2024 22:22:40.100",2977.2607,60.0017,1,11,0,0,0,0,3.905836,0,5.02678E-06,0.1404289,1.98347E-05,0.5409963,,4.20756E-05,,,,,,,24.96723,0.002566576
286,"	03/13/2024 22:22:40.101",2977.2619,60.0029,1,11,0,0,0,0,3.905836,0,5.02678E-06,0.1404289,1.98347E-05,0.5409963,,4.20756E-05,0.436077595,0,0,,,,24.96722929,0.002566513
287,"	03/13/2024 22:22:40.146",2977.3068,0.0039,1,12,0,0,0,0.09998059,3.931279,0.393051594,5.09621E-06,0.1404289,2.01076E-05,0.5409963,,0.002434056,0.436077595,0,0,,,,24.96720286,0.002564174
288,"	03/13/2024 22:23:40.187",3037.3478,60.0009,1,13,0,0,0,0,3.907969,0,5.22956E-06,0.1404289,2.06318E-05,0.5409963,,1.63194E-05,,,,,,,24.93186,-0.00056386
289,"	03/13/2024 22:24:40.188",3097.3483,120.0014,1,13,0,0,0,0,3.909135,0,5.22956E-06,0.1404289,2.06318E-05,0.5409963,,5.11258E-05,,,,,,,24.82117671,-0.011936407
290,"	03/13/2024 22:24:40.189",3097.3496,120.0027,1,13,0,0,0,0,3.909135,0,5.22956E-06,0.1404289,2.06318E-05,0.5409963,,5.11258E-05,0.436077595,0,0,,,,24.82117671,-0.011936407
291,"	03/13/2024 22:24:40.237",3097.3979,0.0113,1,14,0,0,0,-1.129457,3.61871,-4.08717734,5.23021E-06,0.1404289,2.06344E-05,0.5409963,,-0.02549783,,,,,,,24.82117671,-0.011936407
292,"	03/13/2024 22:24:40.730",3097.8907,0.5041,1,14,0,0,0,-0.7235889,3.724754,-2.69519065,5.23021E-06,0.1405832,2.06344E-05,0.5415547,,,,,,,,,24.82117653,-0.011936426
293,"	03/13/2024 22:24:41.229",3098.3893,1.0027,1,14,0,0,0,-0.493824,3.78509,-1.869168284,5.23021E-06,0.1406833,2.06344E-05,0.5419276,,0.1210353,,-0.001201093,-832.5750732,,,,24.81651,-0.01193643
294,"	03/13/2024 22:24:41.536",3098.6972,1.3106,1,14,0,0,0,-0.4523668,3.795144,-1.716797147,5.23021E-06,0.1407221,2.06344E-05,0.5420747,,,,,,,,,24.81651306,-0.011936426
295,"	03/13/2024 22:24:41.732",3098.8932,1.5066,1,14,0,0,0,-0.2838564,3.836051,-1.088887627,5.23021E-06,0.1407469,2.06344E-05,0.5421688,,,,,,,,,24.81651,-0.01193643
296,"	03/13/2024 22:24:42.230",3099.3909,2.0043,1,14,0,0,0,-0.1762648,3.863517,-0.681002051,5.23021E-06,0.1407861,2.06344E-05,0.5423192,,0.055185489,,-0.001203218,-1678.005005,,,,24.81651,-0.001457334
297,"	03/13/2024 22:24:42.729",3099.8893,2.5027,1,14,0,0,0,-0.1159735,3.878732,-0.449830126,5.23021E-06,0.1408104,2.06344E-05,0.5424133,,,,,,,,,24.81651306,-0.001457334
298,"	03/13/2024 22:24:43.233",3100.3941,3.0075,1,14,0,0,0,-0.06477261,3.891626,-0.252070773,5.23021E-06,0.1408255,2.06344E-05,0.5424718,,0.03103004,,-0.001595407,-626.7993164,,,,24.81651306,-0.001457334
299,"	03/13/2024 22:24:44.236",3101.3965,4.0099,1,14,0,0,0,-0.02218151,3.902337,-0.086559727,5.23021E-06,0.1408396,2.06344E-05,0.5425266,,0.00408008,,-0.001353832,-859.3286743,,,,24.73154,-0.02655327
300,"	03/13/2024 22:24:54.237",3111.3973,14.0107,1,14,0,0,0,-0.02408504,3.902698,-0.093996637,5.23021E-06,0.1408696,2.06344E-05,0.5426439,,-0.00071481,,-0.001127978,-764.6638184,,,,24.70509365,-0.008259003
301,"	03/13/2024 22:25:04.237",3121.3982,24.0116,1,14,0,0,0,-0.04960155,3.895415,-0.193218622,5.23021E-06,0.1409733,2.06344E-05,0.5430481,,-0.000564372,,0.01172593,,,,,24.70687,-0.01283705
302,"	03/13/2024 22:25:11.190",3128.3503,30.9637,1,14,0,0,0,-0.06107235,3.882665,-0.237123476,5.23021E-06,0.14108,2.06344E-05,0.5434638,,-0.00633923,,0.021006521,53.20536041,,,,24.68472894,-0.000671919
303,"	03/13/2024 22:25:11.196",3128.3567,30.9701,1,14,0,0,0,-0.06072521,3.892694,-0.236384661,5.23021E-06,0.1410802,2.06344E-05,0.5434645,,,,,,,,,24.68467134,-0.000681061
304,"	03/13/2024 22:25:21.196",3138.3568,40.9702,1,14,0,0,0,-0.07365417,3.890007,-0.286515237,5.23021E-06,0.1412686,2.06344E-05,0.5441975,,-0.000303085,,-0.000165145,,,,,24.59324,-0.01519084
305,"	03/13/2024 22:25:31.196",3148.3569,50.9703,1,14,0,0,0,-0.08314228,3.88708,-0.323180694,5.23021E-06,0.1414879,2.06344E-05,0.5450501,,-0.000327549,,0.040355939,,,,,24.48389,-0.01697659
306,"	03/13/2024 22:25:41.197",3158.3578,60.9712,1,14,0,0,0,-0.09082317,3.885616,-0.352903963,5.23021E-06,0.1417304,2.06344E-05,0.5459928,,-0.00026618,,,,,,,24.48532,-0.01697659
307,"	03/13/2024 22:25:51.198",3168.3588,70.9722,1,14,0,0,0,-0.09794044,3.883484,-0.380350132,5.23021E-06,0.1419931,2.06344E-05,0.5470129,,-0.000291661,,0.103537597,11.45211029,,,,24.40955,-0.01541615
308,"	03/13/2024 22:25:55.585",3172.7461,75.3595,1,14,0,0,0,-0.1009054,3.869722,-0.390475846,5.23021E-06,0.142114,2.06344E-05,0.5474826,,-0.00186038,,,,,,,24.35917,-0.03082216
309,"	03/13/2024 22:25:55.592",3172.7524,75.3658,1,14,0,0,0,-0.1006527,3.881899,-0.390723615,5.23021E-06,0.1421142,2.06344E-05,0.5474831,,,,,,,,,24.35918641,-0.030796423
310,"	03/13/2024 22:26:05.592",3182.7525,85.3659,1,14,0,0,0,-0.107235,3.880745,-0.41615169,5.23021E-06,0.1424034,2.06344E-05,0.5486058,,-0.00097702,,-0.000266714,-4522.666992,,,,24.38523,0.01005709
311,"	03/13/2024 22:26:15.592",3192.7526,95.366,1,14,0,0,0,-0.1141338,3.878864,-0.442709488,5.23021E-06,0.1427113,2.06344E-05,0.5498002,,-9.07443E-05,,0.089611523,,,,,24.30514988,-0.006363824
312,"	03/13/2024 22:26:25.593",3202.7536,105.367,1,14,0,0,0,-0.1214924,3.876713,-0.470991166,5.23021E-06,0.1430389,2.06344E-05,0.5510705,,-0.000273522,,,,,,,24.29798,0.000335574
313,"	03/13/2024 22:26:35.593",3212.7537,115.3671,1,14,0,0,0,-0.1295214,3.874487,-0.501828981,5.23021E-06,0.1433874,2.06344E-05,0.5524212,,-0.000198444,,,,,,,24.27474999,0.016200384
314,"	03/13/2024 22:26:45.594",3222.7545,125.3679,1,14,0,0,0,-0.1380024,3.872238,-0.534378137,5.23021E-06,0.1437587,2.06344E-05,0.5538593,,-0.000168324,,-0.000706912,7.432352066,,,,24.23399,-0.01597881
315,"	03/13/2024 22:26:55.594",3232.7546,135.368,1,14,0,0,0,-0.1473589,3.869533,-0.570210126,5.23021E-06,0.1441544,2.06344E-05,0.5553911,,-0.000304232,,,,,,,24.28226,0.008497238
316,"	03/13/2024 22:27:05.594",3242.7548,145.3682,1,14,0,0,0,-0.1566687,3.866718,-0.605793682,5.23021E-06,0.1445765,2.06344E-05,0.5570239,,-0.000315443,,0.111827701,,,,,24.20789984,-0.007815794
317,"	03/13/2024 22:27:15.594",3252.755,155.3684,1,14,0,0,0,-0.1678028,3.863811,-0.648358304,5.23021E-06,0.1450267,2.06344E-05,0.5587637,,-0.00029609,,0.121639997,7.289484978,,,,24.21216,-0.007711053
318,"	03/13/2024 22:27:25.595",3262.7559,165.3693,1,14,0,0,0,-0.1783447,3.86062,-0.688521116,5.23021E-06,0.1455075,2.06344E-05,0.5606206,,-0.000273958,,,,,,,24.22324,-0.03575385
319,"	03/13/2024 22:27:31.101",3268.2615,170.8749,1,14,0,0,0,-0.1850014,3.846127,-0.71153888,5.23021E-06,0.1457857,2.06344E-05,0.5616943,,-0.004059612,,-0.000689396,12.6333704,,,,24.25291961,0.004690151
320,"	03/13/2024 22:27:31.106",3268.2663,170.8797,1,14,0,0,0,-0.1847906,3.858072,-0.71293544,5.23021E-06,0.145786,2.06344E-05,0.5616955,,,,,,,,,24.25291425,0.004684064
321,"	03/13/2024 22:27:41.106",3278.2664,180.8798,1,14,0,0,0,-0.1977901,3.855172,-0.762514855,5.23021E-06,0.1463176,2.06344E-05,0.563746,,-0.000384053,,0.092985101,,,,,24.24150669,-0.008267035
322,"	03/13/2024 22:27:44.877",3282.0377,184.6511,1,14,0,0,0,-0.2027483,3.8412,-0.77879677,5.23021E-06,0.146527,2.06344E-05,0.5645531,,-0.003477938,,,,,,,24.35021,0.03397048
323,"	03/13/2024 22:27:44.883",3282.0433,184.6567,1,14,0,0,0,-0.2027874,3.852978,-0.781335391,5.23021E-06,0.1465274,2.06344E-05,0.5645545,,,,,,,,,24.35016277,0.033935271
324,"	03/13/2024 22:27:54.883",3292.0442,194.6576,1,14,0,0,0,-0.2155867,3.850097,-0.830029707,5.23021E-06,0.1471082,2.06344E-05,0.5667918,,-0.000405767,,-0.000815849,-2339.712891,,,,24.26581,-0.02894402
325,"	03/13/2024 22:28:04.885",3302.0458,204.6592,1,14,0,0,0,-0.2299547,3.846037,-0.884414285,5.23021E-06,0.1477273,2.06344E-05,0.5691741,,-0.00063596,,0.108273298,,,,,24.29442,-0.002790689
326,"	03/13/2024 22:28:14.885",3312.0459,214.6593,1,14,0,0,0,-0.2449856,3.841729,-0.941168284,5.23021E-06,0.1483867,2.06344E-05,0.5717087,,-0.000416233,,0.125071302,8.45695591,,,,24.31445865,0.003252565
327,"	03/13/2024 22:28:24.886",3322.0468,224.6602,1,14,0,0,0,-0.2602692,3.837326,-0.998737768,5.23021E-06,0.1490886,2.06344E-05,0.5744035,,-0.000409353,,0.191044897,,,,,24.38989182,0.006263822
328,"	03/13/2024 22:28:34.887",3332.0477,234.6611,1,14,0,0,0,-0.276679,3.832634,-1.060409342,5.23021E-06,0.1498344,2.06344E-05,0.5772636,,-0.000343955,,0.156801596,5.761544228,,,,24.33265362,-0.007384879
329,"	03/13/2024 22:28:44.887",3342.0478,244.6612,1,14,0,0,0,-0.2937031,3.827655,-1.124194139,5.23021E-06,0.1506262,2.06344E-05,0.580296,,-0.01238295,,0.166461393,,,,,24.37021981,-0.011832074
330,"	03/13/2024 22:28:46.932",3344.0926,246.706,1,14,0,0,0,-0.2971764,3.816364,-1.134133315,5.23021E-06,0.150794,2.06344E-05,0.5809383,,-0.004436355,,,,,,,24.40308,0.01026928
331,"	03/13/2024 22:28:46.954",3344.1151,246.7285,1,14,0,0,0,-0.297142,3.826615,-1.137048034,5.23021E-06,0.1507959,2.06344E-05,0.5809457,,,,,,,,,24.40321087,0.010290115
332,"	03/13/2024 22:28:56.955",3354.1161,256.7295,1,14,0,0,0,-0.3155384,3.821308,-1.205769412,5.23021E-06,0.1516468,2.06344E-05,0.5841993,,-0.000402213,,0.1132612,-1228.730957,,,,24.46138324,0.019550827
333,"	03/13/2024 22:29:06.956",3364.1169,266.7303,1,14,0,0,0,-0.3343477,3.815331,-1.275647145,5.23021E-06,0.1525486,2.06344E-05,0.5876431,,-0.000546385,,0.167804897,7.287941933,,,,24.48998,0.007269382
334,"	03/13/2024 22:29:15.520",3372.6811,275.2945,1,14,0,0,0,-0.3507957,3.798524,-1.332505886,5.23021E-06,0.1533625,2.06344E-05,0.5907469,,-0.032200672,,0.155810505,,,,,24.57216167,0.005809682
335,"	03/13/2024 22:29:15.525",3372.6859,275.2993,1,14,0,0,0,-0.3505125,3.810509,-1.335631036,5.23021E-06,0.1533632,2.06344E-05,0.5907494,,,,,,,,,24.57218097,0.005800554
336,"	03/13/2024 22:29:25.526",3382.6867,285.3001,1,14,0,0,0,-0.370656,3.805291,-1.410453941,5.23021E-06,0.1543646,2.06344E-05,0.5945629,,-0.000912805,,0.09837535,-1305.561035,,,,24.61326367,-0.013622447
337,"	03/13/2024 22:29:32.231",3389.3917,292.0051,1,14,0,0,0,-0.3185768,3.818009,-1.21632909,5.23021E-06,0.1550612,2.06344E-05,0.597213,,0.003667767,,-0.01065628,-45.89934921,,,,24.66972267,0.016867064
338,"	03/13/2024 22:29:34.224",3391.3852,293.9986,1,14,0,0,0,-0.2836132,3.82831,-1.08575925,5.23021E-06,0.1552265,2.06344E-05,0.5978447,,0.004059463,,-0.0080671,-112.1873016,,,,24.69508425,0.007926078
339,"	03/13/2024 22:29:44.225",3401.3853,303.9987,1,14,0,0,0,-0.2478209,3.836214,-0.950694006,5.23021E-06,0.1559499,2.06344E-05,0.6006173,,0.000453221,,-0.050949801,-34.91088104,,,,24.70758,0.008262396
340,"	03/13/2024 22:29:50.341",3407.5013,310.1147,1,14,0,0,0,-0.2843103,3.826015,-1.087775472,5.23021E-06,0.1563727,2.06344E-05,0.6022388,,-0.005905333,,0.01283327,,,,,24.64755347,-0.009938181
341,"	03/13/2024 22:29:59.749",3416.9095,319.5229,1,14,0,0,0,-0.2984915,3.811479,-1.137694084,5.23021E-06,0.1571434,2.06344E-05,0.6051859,,-0.001754838,,0.034174562,8.079113007,,,,24.79225768,0.030595229
342,"	03/13/2024 22:29:59.755",3416.916,319.5294,1,14,0,0,0,-0.2982578,3.822206,-1.140002753,5.23021E-06,0.1571438,2.06344E-05,0.6051875,,,,,,,,,24.79225768,0.030595229
343,"	03/13/2024 22:30:00.254",3417.4144,320.0278,1,14,0,0,0,-0.2986526,3.81084,-1.138117274,5.23021E-06,0.1571851,2.06344E-05,0.6053454,,-0.033124901,,-0.000658153,-1519.402954,,,,24.79226,0.03059566
344,"	03/13/2024 22:30:00.258",3417.4192,320.0326,1,14,0,0,0,-0.2985554,3.82204,-1.141090681,5.23021E-06,0.1571856,2.06344E-05,0.6053474,,,,,,,,,24.79230198,0.030589817
345,"	03/13/2024 22:30:10.259",3427.4201,330.0335,1,14,0,0,0,-0.3026867,3.821278,-1.156650028,5.23021E-06,0.1580202,2.06344E-05,0.6085373,,0.1169561,,-0.000707682,-1413.064941,,,,24.87976,0.01841486
346,"	03/13/2024 22:30:20.259",3437.42,340.0334,1,14,0,0,0,-0.3063726,3.820742,-1.17057066,5.23021E-06,0.1588658,2.06344E-05,0.6117682,,-8.98987E-05,,,,,,,24.83511969,-0.002232584
347,"	03/13/2024 22:30:30.260",3447.4211,350.0345,1,14,0,0,0,-0.3105478,3.818939,-1.185963105,5.23021E-06,0.1597221,2.06344E-05,0.6150388,,5.1365E-07,,0.403895587,,,,,24.80722074,0.002338841
348,"	03/13/2024 22:30:40.261",3457.422,360.0354,1,14,0,0,0,-0.2938185,3.822501,-1.12312151,5.23021E-06,0.1605884,2.06344E-05,0.6183467,,-0.000127823,,-0.259077609,,,,,24.88723,0.001109242
349,"	03/13/2024 22:30:42.494",3459.6549,362.2683,1,14,0,0,0,-0.2590256,3.832892,-0.99281715,5.23021E-06,0.1607584,2.06344E-05,0.6189971,,0.001169696,,-0.01404299,,,,,24.88905,0.000566244
350,"	03/13/2024 22:30:52.494",3469.655,372.2684,1,14,0,0,0,-0.2315302,3.838496,-0.888727747,5.23021E-06,0.1614335,2.06344E-05,0.6215864,,0.000423243,,-0.083855323,-2.902075052,,,,24.91761,0.000668764
351,"	03/13/2024 22:31:02.495",3479.6553,382.2687,1,14,0,0,0,-0.2130671,3.843619,-0.818948754,5.23021E-06,0.162051,2.06344E-05,0.6239581,,0.000421976,,,-8.962976456,,,,24.95117917,0.006812153
352,"	03/13/2024 22:31:12.496",3489.6568,392.2702,1,14,0,0,0,-0.1951923,3.848385,-0.751175119,5.23021E-06,0.1626174,2.06344E-05,0.6261362,,0.000388541,,-0.135629907,,,,,24.86154455,-0.0169549
353,"	03/13/2024 22:31:22.496",3499.6569,402.2703,1,14,0,0,0,-0.1788168,3.851085,-0.688638696,5.23021E-06,0.1631353,2.06344E-05,0.6281305,,0.0003766,,-0.111772999,-8.796591759,,,,24.84726,0.00023067
354,"	03/13/2024 22:31:32.498",3509.6585,412.2719,1,14,0,0,0,-0.1826735,3.851607,-0.703586531,5.23021E-06,0.1636117,2.06344E-05,0.6299664,,-0.000604377,,-0.121928297,,,,,24.80828896,-0.025118932
355,"	03/13/2024 22:31:42.498",3519.6587,422.2721,1,14,0,0,0,-0.1922407,3.848245,-0.739789313,5.23021E-06,0.1641465,2.06344E-05,0.6320249,,-0.00057196,,0.070079774,,,,,24.84226,-0.000995994
356,"	03/13/2024 22:31:52.498",3529.659,432.2724,1,14,0,0,0,-0.2250538,3.840197,-0.864250928,5.23021E-06,0.1647049,2.06344E-05,0.6341731,,-0.001169737,,0.177189007,6.753347874,,,,24.85188284,-0.016966302
357,"	03/13/2024 22:32:02.500",3539.6605,442.2739,1,14,0,0,0,-0.2347097,3.838091,-0.900837187,5.23021E-06,0.1653446,2.06344E-05,0.6366288,,-0.000467546,,0.039391629,,,,,24.88045282,-0.005806796
358,"	03/13/2024 22:32:12.500",3549.6606,452.274,1,14,0,0,0,-0.2423697,3.835673,-0.929650914,5.23021E-06,0.1660071,2.06344E-05,0.6391708,,-0.000258336,,,,,,,24.87905,-0.003228784
359,"	03/13/2024 22:32:22.500",3559.6607,462.2741,1,14,0,0,0,-0.2488012,3.833781,-0.953849313,5.23021E-06,0.1666888,2.06344E-05,0.6417849,,-0.000207157,,0.238564,4.921635151,,,,24.89759,-0.00256896
360,"	03/13/2024 22:32:27.054",3564.2144,466.8278,1,14,0,0,0,-0.2515783,3.821087,-0.961302572,5.23021E-06,0.1670053,2.06344E-05,0.6429981,,-0.001186991,,,,,,,24.83901,-0.000115633
361,"	03/13/2024 22:32:27.059",3564.22,466.8334,1,14,0,0,0,-0.2516327,3.831909,-0.964233608,5.23021E-06,0.1670058,2.06344E-05,0.6429999,,,,,,,,,24.83900443,-0.000120496
362,"	03/13/2024 22:32:37.059",3574.2201,476.8335,1,14,0,0,0,-0.2573299,3.83122,-0.985887459,5.23021E-06,0.1677137,2.06344E-05,0.6457129,,-0.000252378,,-0.000831097,-1709.44104,,,,24.82905,-0.008804798
363,"	03/13/2024 22:32:47.059",3584.2202,486.8336,1,14,0,0,0,-0.2636032,3.829293,-1.009413889,5.23021E-06,0.1684379,2.06344E-05,0.6484866,,-9.22637E-05,,,,,,,24.79081,0.01150787
364,"	03/13/2024 22:32:57.060",3594.2211,496.8345,1,14,0,0,0,-0.2694969,3.827756,-1.031568376,5.23021E-06,0.1691784,2.06344E-05,0.6513213,,-0.000229074,,0.232052803,,,,,24.83723403,-0.006476461
365,"	03/13/2024 22:33:07.061",3604.2219,506.8353,1,14,0,0,0,-0.27495,3.825922,-1.051937254,5.23021E-06,0.1699345,2.06344E-05,0.6542146,,-6.50333E-05,,,,,,,24.84725942,0.001897728
366,"	03/13/2024 22:33:12.124",3609.2852,511.8986,1,14,0,0,0,-0.2778931,3.813837,-1.059838987,5.23021E-06,0.1703232,2.06344E-05,0.6557017,,-0.002753456,,0.142543197,5.79874897,,,,24.81832,-0.009045005
367,"	03/13/2024 22:33:12.128",3609.2886,511.902,1,14,0,0,0,-0.277916,3.824301,-1.062834437,5.23021E-06,0.1703232,2.06344E-05,0.6557017,,,,,,,,,24.81830931,-0.009047434
368,"	03/13/2024 22:33:22.128",3619.2887,521.9021,1,14,0,0,0,-0.2837086,3.823154,-1.084661669,5.23021E-06,0.1711031,2.06344E-05,0.6586842,,-0.000222504,,-0.001215123,-1433.57605,,,,24.78686,-0.01619279
369,"	03/13/2024 22:33:32.129",3629.2895,531.9029,1,14,0,0,0,-0.2891836,3.821187,-1.105024613,5.23021E-06,0.1718988,2.06344E-05,0.6617255,,-0.000255641,,0.291539997,,,,,24.81475993,-0.003677136
370,"	03/13/2024 22:33:42.129",3639.2896,541.903,1,14,0,0,0,-0.295083,3.818892,-1.126890108,5.23021E-06,0.1727104,2.06344E-05,0.6648259,,-0.000225776,,,,,,,24.8001,-0.01574099
371,"	03/13/2024 22:33:52.129",3649.2898,551.9032,1,14,0,0,0,-0.3008909,3.818031,-1.148810784,5.23021E-06,0.1735376,2.06344E-05,0.6679847,,-0.000119238,,,,,,,24.81509194,-0.00457
372,"	03/13/2024 22:33:57.864",3655.025,557.6384,1,14,0,0,0,-0.3042154,3.804617,-1.157423083,5.23021E-06,0.1740192,2.06344E-05,0.6698234,,-0.002778896,,0.369323105,3.052182913,,,,24.7429536,-0.021204062
373,"	03/13/2024 22:33:57.870",3655.0307,557.6441,1,14,0,0,0,-0.3042059,3.816052,-1.160865533,5.23021E-06,0.1740198,2.06344E-05,0.6698255,,,,,,,,,24.74291742,-0.021196074
374,"	03/13/2024 22:34:07.872",3665.0323,567.6457,1,14,0,0,0,-0.3103228,3.814888,-1.183846726,5.23021E-06,0.1748729,2.06344E-05,0.6730806,,-0.000207157,,-0.00069589,,,,,24.67828052,-0.006928587
375,"	03/13/2024 22:34:17.873",3675.0333,577.6467,1,14,0,0,0,-0.3161383,3.813005,-1.205436919,5.23021E-06,0.1757424,2.06344E-05,0.6763968,,-4.72175E-05,,0.320819288,,,,,24.62504249,-0.02021061
376,"	03/13/2024 22:34:27.873",3685.034,587.6474,1,14,0,0,0,-0.3217678,3.8111,-1.226289263,5.23021E-06,0.1766284,2.06344E-05,0.6797742,,-0.00020192,,,,,,,24.68756804,0.017526964
377,"	03/13/2024 22:34:37.873",3695.034,597.6474,1,14,0,0,0,-0.3279171,3.807981,-1.248702086,5.23021E-06,0.1775311,2.06344E-05,0.6832137,,-0.001328907,,,,,,,24.58108246,-0.008154851
378,"	03/13/2024 22:34:47.874",3705.035,607.6484,1,14,0,0,0,-0.3341455,3.807553,-1.272276701,5.23021E-06,0.1784506,2.06344E-05,0.6867157,,-2.81325E-05,,-0.001146924,3.419267893,,,,24.52353,-0.01720846
379,"	03/13/2024 22:34:57.874",3715.0352,617.6486,1,14,0,0,0,-0.3402243,3.805485,-1.29471847,5.23021E-06,0.1793866,2.06344E-05,0.6902784,,-0.000187454,,,,,,,24.52786,0.01719952
380,"	03/13/2024 22:35:07.875",3725.0353,627.6487,1,14,0,0,0,-0.3462725,3.803283,-1.316972313,5.23021E-06,0.1803404,2.06344E-05,0.6939068,,-0.000105178,,0.291766405,,,,,24.54535,-0.004016757
381,"	03/13/2024 22:35:17.875",3735.0353,637.6487,1,14,0,0,0,-0.3531847,3.801192,-1.342522856,5.23021E-06,0.1813118,2.06344E-05,0.6976001,,-0.000209994,,,,,,,24.46423612,0.000451759
382,"	03/13/2024 22:35:27.875",3745.0356,647.649,1,14,0,0,0,-0.3591042,3.799386,-1.36437547,5.23021E-06,0.1823005,2.06344E-05,0.7013576,,-0.000497682,,,,,,,24.46601103,0.012846465
383,"	03/13/2024 22:35:37.875",3755.0356,657.649,1,14,0,0,0,-0.3477087,3.801089,-1.321671715,5.23021E-06,0.1832823,2.06344E-05,0.7050888,,0.123892397,,-0.001430007,-1272.412964,,,,24.58182601,0.016201105
384,"	03/13/2024 22:35:47.875",3765.0358,667.6492,1,14,0,0,0,-0.3473997,3.801253,-1.320554152,5.23021E-06,0.1842478,2.06344E-05,0.7087594,,-3.43753E-05,,,,,,,24.67935465,-0.002002534
385,"	03/13/2024 22:35:57.876",3775.0365,677.6499,1,14,0,0,0,-0.3283834,3.806924,-1.250130647,5.23021E-06,0.1851747,2.06344E-05,0.7122863,,0.000445486,,-0.332096696,,,,,24.67187126,0.003238864
386,"	03/13/2024 22:36:07.876",3785.0367,687.6501,1,14,0,0,0,-0.3224478,3.807608,-1.227754823,5.23021E-06,0.186078,2.06344E-05,0.715725,,9.58285E-05,,,,,,,24.66758,-0.007138252
387,"	03/13/2024 22:36:17.876",3795.0368,697.6502,1,14,0,0,0,-0.3176708,3.80874,-1.209925483,5.23021E-06,0.186967,2.06344E-05,0.7191104,,-2.9952E-05,,,,,,,24.67613593,-0.010831319
388,"	03/13/2024 22:36:27.876",3805.037,707.6504,1,14,0,0,0,-0.3126726,3.808582,-1.190839236,5.23021E-06,0.1878419,2.06344E-05,0.7224432,,0.000100603,,,,,,,24.66614542,0.010276226
389,"	03/13/2024 22:36:37.877",3815.0377,717.6511,1,14,0,0,0,-0.3078747,3.81102,-1.173316639,5.23021E-06,0.1887035,2.06344E-05,0.7257259,,,,-0.71683079,-1.920878053,,,,24.61755992,-0.011502883
390,"	03/13/2024 22:36:47.877",3825.0379,727.6513,1,14,0,0,0,-0.3034468,3.811012,-1.156439396,5.23021E-06,0.1895523,2.06344E-05,0.7289608,,5.6621E-05,,,,,,,24.6739935,0.004802779
391,"	03/13/2024 22:36:48.716",3825.8766,728.49,1,14,0,0,0,-0.302803,3.800888,-1.150920289,5.23021E-06,0.1896224,2.06344E-05,0.7292283,,-0.000991091,,-0.000953468,,,,,24.68509,0.003467798
392,"	03/13/2024 22:36:48.721",3825.8814,728.4948,1,14,0,0,0,-0.302763,3.811643,-1.15402447,5.23021E-06,0.189623,2.06344E-05,0.7292304,,,,,,,,,24.68507131,0.00346785
393,"	03/13/2024 22:36:58.721",3835.8822,738.4956,1,14,0,0,0,-0.298398,3.812818,-1.137737266,5.23021E-06,0.1904582,2.06344E-05,0.7324144,,0.112586603,,-0.000743172,-1345.583008,,,,24.64614,0.003575683
394,"	03/13/2024 22:37:08.722",3845.8824,748.4958,1,14,0,0,0,-0.2942171,3.813773,-1.122077232,5.23021E-06,0.1912812,2.06344E-05,0.7355528,,0.000270306,,,,,,,24.61326,0.009940863
395,"	03/13/2024 22:37:18.722",3855.8825,758.4959,1,14,0,0,0,-0.2896824,3.814969,-1.105129376,5.23021E-06,0.1920916,2.06344E-05,0.7386437,,0.000124401,,,,,,,24.56287,0.002791286
396,"	03/13/2024 22:37:28.723",3865.8833,768.4967,1,14,0,0,0,-0.285696,3.815948,-1.09020108,5.23021E-06,0.1928902,2.06344E-05,0.7416909,,4.37396E-05,,,,,,,24.50569401,-0.009497281
397,"	03/13/2024 22:37:38.723",3875.8834,778.4968,1,14,0,0,0,-0.288558,3.81485,-1.100805486,5.23021E-06,0.1936888,2.06344E-05,0.7447376,,-8.89833E-05,,-0.660583377,,,,,24.52679041,0.002012138
398,"	03/13/2024 22:37:48.724",3885.8844,788.4978,1,14,0,0,0,-0.2868528,3.815122,-1.094378428,5.23021E-06,0.1944884,2.06344E-05,0.7477878,,,,-0.000896434,,,,,24.52606,0.006250739
399,"	03/13/2024 22:37:58.724",3895.8843,798.4977,1,14,0,0,0,-0.2933722,3.813374,-1.11873792,5.23021E-06,0.1953009,2.06344E-05,0.7508863,,-0.000232567,,,,,,,24.53535,0.01217484
400,"	03/13/2024 22:38:08.725",3905.8854,808.4988,1,14,0,0,0,-0.2942266,3.812924,-1.121863665,5.23021E-06,0.1961161,2.06344E-05,0.7539949,,-1.06685E-05,,,,,,,24.49995,-0.000124574
401,"	03/13/2024 22:38:18.726",3915.8864,818.4998,1,14,0,0,0,-0.2943716,3.812772,-1.122371794,5.23021E-06,0.1969328,2.06344E-05,0.7571085,,,,,,,,,24.54250865,0.012512081
402,"	03/13/2024 22:38:25.910",3923.0711,825.6845,1,14,0,0,0,-0.2941418,3.800095,-1.117766783,5.23021E-06,0.1975198,2.06344E-05,0.7593467,,-0.002014983,,-0.001110975,,,,,24.49031712,-0.014178977
403,"	03/13/2024 22:38:25.917",3923.0775,825.6909,1,14,0,0,0,-0.2942839,3.81181,-1.121754313,5.23021E-06,0.1975203,2.06344E-05,0.7593483,,,,,,,,,24.49030968,-0.0141754
404,"	03/13/2024 22:38:35.918",3933.0785,835.6919,1,14,0,0,0,-0.2942476,3.812423,-1.121796318,5.23021E-06,0.1983379,2.06344E-05,0.7624656,,0.123599596,,-0.00066075,-1513.432007,,,,24.47850621,-0.008496103
407,"	03/13/2024 22:39:41.271",3998.432,60.0009,1,15,0,0,0,0,3.892168,0,5.23997E-06,0.1986905,2.06723E-05,0.7638097,,6.49629E-05,,,,,,,24.65758,0.0151825
408,"	03/13/2024 22:39:41.273",3998.4333,60.0022,1,15,0,0,0,0,3.892168,0,5.23997E-06,0.1986905,2.06723E-05,0.7638097,,6.49629E-05,0.436077595,0,0,,,,24.65758178,0.015181959
409,"	03/13/2024 22:39:41.317",3998.4774,0.0048,1,16,0,0,0,0.1000127,3.917097,0.391759447,5.35387E-06,0.1986905,2.11185E-05,0.7638097,,0.003258581,0.436077595,0,0,,,,24.65764209,0.015163604
410,"	03/13/2024 22:40:41.357",4058.5173,60.0007,1,17,0,0,0,0,3.894009,0,5.38721E-06,0.1986905,2.12491E-05,0.7638097,,6.04532E-05,,,,,,,24.73975,-0.009825826
411,"	03/13/2024 22:41:41.357",4118.5173,120.0007,1,17,0,0,0,0,3.895378,0,5.38721E-06,0.1986905,2.12491E-05,0.7638097,,2.23225E-05,,,,,,,24.95547,0.01863182
412,"	03/13/2024 22:41:41.358",4118.5188,120.0022,1,17,0,0,0,0,3.89537,0,5.38721E-06,0.1986905,2.12491E-05,0.7638097,,2.23225E-05,0.436077595,0,0,,,,24.95547,0.01863182
413,"	03/13/2024 22:41:41.403",4118.5637,0.0065,1,18,0,0,0,-0.273139,3.797764,-1.037317461,5.38721E-06,0.1986905,2.12491E-05,0.7638097,,-0.008575094,,,,,,,24.95547,0.01863182
414,"	03/13/2024 22:41:41.409",4118.57,0.0128,1,18,0,0,0,-1.126538,3.60891,-4.065574254,5.38721E-06,0.1986928,2.12491E-05,0.7638178,,,,,,,,,24.95547,0.01863182
415,"	03/13/2024 22:41:41.901",4119.062,0.5048,1,18,0,0,0,-0.7178268,3.713721,-2.665808462,5.38721E-06,0.1988458,2.12491E-05,0.7643699,,,,,,,,,24.95547295,0.018631816
416,"	03/13/2024 22:41:42.400",4119.5606,1.0034,1,18,0,0,0,-0.4984732,3.77125,-1.879867056,5.38721E-06,0.198945,2.12491E-05,0.7647386,,0.115380101,,-0.001197546,-835.0411987,,,,24.95547295,0.018631816
417,"	03/13/2024 22:41:42.456",4119.6166,1.0594,1,18,0,0,0,-0.4526711,3.781383,-1.711722802,5.38721E-06,0.1989519,2.12491E-05,0.7647647,,,,,,,,,24.95547294,0.018631816
418,"	03/13/2024 22:41:42.905",4120.0661,1.5089,1,18,0,0,0,-0.2836161,3.823591,-1.084431967,5.38721E-06,0.1990089,2.12491E-05,0.7649799,,,,,,,,,24.95547,0.01863182
419,"	03/13/2024 22:41:43.403",4120.5638,2.0066,1,18,0,0,0,-0.1754074,3.850018,-0.675321647,5.38721E-06,0.1990476,2.12491E-05,0.765128,,0.052947938,,-0.001174472,-972.8438721,,,,24.95547,0.01863182
420,"	03/13/2024 22:41:43.902",4121.0623,2.5051,1,18,0,0,0,-0.1148939,3.86551,-0.444123519,5.38721E-06,0.1990719,2.12491E-05,0.7652216,,,,,,,,,24.88262,0.01863182
421,"	03/13/2024 22:41:44.405",4121.5661,3.0089,1,18,0,0,0,-0.06321812,3.878184,-0.245171501,5.38721E-06,0.1990869,2.12491E-05,0.7652795,,0.033144671,,-0.002060325,-858.2844849,,,,24.88262,-0.02276599
422,"	03/13/2024 22:41:45.407",4122.5677,4.0105,1,18,0,0,0,-0.0202179,3.889112,-0.078629678,5.38721E-06,0.1991005,2.12491E-05,0.7653325,,0.004228831,,-0.00110366,,,,,24.88262176,-0.022765994
423,"	03/13/2024 22:41:53.936",4131.0967,12.5395,1,18,0,0,0,-0.01823616,3.877606,-0.070712643,5.42587E-06,0.199118,2.13996E-05,0.7654004,,-0.007491899,,-0.001397636,-798.8845215,,,,24.9486801,0.024887957
424,"	03/13/2024 22:41:53.941",4131.1021,12.5449,1,18,0,0,0,-0.01809406,3.889809,-0.070382437,5.42587E-06,0.199118,2.13996E-05,0.7654005,,,,,,,,,24.94866535,0.024876131
425,"	03/13/2024 22:42:03.942",4141.1032,22.546,1,18,0,0,0,-0.04426575,3.883876,-0.171922684,5.42587E-06,0.1992061,2.13996E-05,0.7657429,,-0.000593918,,0.01009682,,,,,24.92082,0.002560616
426,"	03/13/2024 22:42:13.943",4151.1041,32.5469,1,18,0,0,0,-0.06159878,3.879478,-0.238971112,5.42587E-06,0.1993541,2.13996E-05,0.7663172,,-0.000348092,,0.026668601,45.06061935,,,,24.85549,-0.000776649
427,"	03/13/2024 22:42:23.944",4161.1049,42.5477,1,18,0,0,0,-0.07327652,3.876514,-0.284057456,5.42587E-06,0.1995423,2.13996E-05,0.767047,,-0.000417217,,,,,,,24.86262887,-0.001665941
428,"	03/13/2024 22:42:33.944",4171.1052,52.548,1,18,0,0,0,-0.08262634,3.87429,-0.320118403,5.42587E-06,0.1997592,2.13996E-05,0.7678878,,-0.000116248,,0.04680283,,,,,24.90335042,0.012167554
429,"	03/13/2024 22:42:38.669",4175.83,57.2728,1,18,0,0,0,-0.08593655,3.86268,-0.331945393,5.42587E-06,0.1998696,2.13996E-05,0.7683153,,-0.0115986,,,,,,,24.93618,0.000439286
430,"	03/13/2024 22:42:38.687",4175.8475,57.2903,1,18,0,0,0,-0.08586121,3.872697,-0.33251445,5.42587E-06,0.19987,2.13996E-05,0.768317,,,,,,,,,24.93605961,0.000424093
431,"	03/13/2024 22:42:48.688",4185.8485,67.2913,1,18,0,0,0,-0.09266853,3.871632,-0.358778446,5.42587E-06,0.2001186,2.13996E-05,0.7692794,,0.193952903,,-0.000243674,-4565.89502,,,,24.86725876,-0.008258733
432,"	03/13/2024 22:42:58.688",4195.8485,77.2913,1,18,0,0,0,-0.0992794,3.868677,-0.384079931,5.42587E-06,0.2003855,2.13996E-05,0.7703122,,-0.000238606,,0.074159563,,,,,24.86869429,-0.008597967
433,"	03/13/2024 22:43:08.688",4205.8487,87.2915,1,18,0,0,0,-0.1057444,3.867964,-0.409015532,5.42587E-06,0.20067,2.13996E-05,0.7714131,,-4.88338E-05,,,,,,,24.84797,-0.01071036
434,"	03/13/2024 22:43:18.688",4215.8492,97.292,1,18,0,0,0,-0.1120586,3.865951,-0.433213057,5.42587E-06,0.2009725,2.13996E-05,0.7725828,,-0.000224235,,,,,,,24.82584,-0.00256896
435,"	03/13/2024 22:43:23.571",4220.7313,102.1741,1,18,0,0,0,-0.1158161,3.854834,-0.44645184,5.42587E-06,0.2011271,2.13996E-05,0.7731803,,-0.002306371,,,,,,,24.82692,-0.00122726
436,"	03/13/2024 22:43:23.593",4220.7537,102.1965,1,18,0,0,0,-0.1158218,3.864966,-0.447647319,5.42587E-06,0.2011279,2.13996E-05,0.7731833,,,,,,,,,24.82682014,-0.001249463
437,"	03/13/2024 22:43:33.593",4230.7537,112.1965,1,18,0,0,0,-0.123105,3.86338,-0.475601395,5.42587E-06,0.2014594,2.13996E-05,0.7744643,,-0.000336815,,-0.000341476,-3179.945068,,,,24.78224036,-0.011161467
438,"	03/13/2024 22:43:43.593",4240.7538,122.1966,1,18,0,0,0,-0.1307268,3.859943,-0.504597997,5.42587E-06,0.2018122,2.13996E-05,0.7758268,,-0.000452624,,0.113533303,,,,,24.79834159,-0.010932686
439,"	03/13/2024 22:43:53.594",4250.7547,132.1975,1,18,0,0,0,-0.1393976,3.858132,-0.537814341,5.42587E-06,0.2021877,2.13996E-05,0.7772759,,-0.000223613,,,,,,,24.7865411,-0.009149927
440,"	03/13/2024 22:44:03.594",4260.7548,142.1976,1,18,0,0,0,-0.1487007,3.855667,-0.573340382,5.42587E-06,0.2025876,2.13996E-05,0.7788182,,-0.000240348,,0.144554704,7.84906292,,,,24.74403615,0.009047207
441,"	03/13/2024 22:44:09.479",4266.6399,148.0827,1,18,0,0,0,-0.1546564,3.843369,-0.594401613,5.42587E-06,0.2028353,2.13996E-05,0.7797731,,-0.004931228,,,,,,,24.70901549,-0.003019366
442,"	03/13/2024 22:44:09.497",4266.6575,148.1003,1,18,0,0,0,-0.1547966,3.853398,-0.596492909,5.42587E-06,0.202836,2.13996E-05,0.779776,,,,,,,,,24.70880743,-0.003081296
443,"	03/13/2024 22:44:17.713",4274.8734,156.3162,1,18,0,0,0,-0.1627941,3.839577,-0.625060482,5.42587E-06,0.2031978,2.13996E-05,0.78117,,-0.006132125,,-0.000382687,-2613.102051,,,,24.61111951,-0.032156352
444,"	03/13/2024 22:44:17.718",4274.8791,156.3219,1,18,0,0,0,-0.1628923,3.850929,-0.627286682,5.42587E-06,0.2031981,2.13996E-05,0.7811711,,,,,,,,,24.6110977,-0.032140544
445,"	03/13/2024 22:44:27.718",4284.8792,166.322,1,18,0,0,0,-0.1736727,3.848874,-0.66844434,5.42587E-06,0.2036652,2.13996E-05,0.7829694,,-0.000410123,,-0.000368778,-2711.656982,,,,24.57216,-0.003911257
446,"	03/13/2024 22:44:37.719",4294.8793,176.3221,1,18,0,0,0,-0.1849976,3.845572,-0.711421591,5.42587E-06,0.2041633,2.13996E-05,0.7848856,,-0.000354982,,0.097434647,,,,,24.53106158,-0.014526142
447,"	03/13/2024 22:44:47.719",4304.8795,186.3223,1,18,0,0,0,-0.1971369,3.841947,-0.757389522,5.42587E-06,0.2046944,2.13996E-05,0.786927,,-0.00042685,,0.144760296,8.29455471,,,,24.53106,-0.001235604
448,"	03/13/2024 22:44:57.719",4314.8795,196.3223,1,18,0,0,0,-0.2103796,3.838258,-0.807491183,5.42587E-06,0.2052601,2.13996E-05,0.7890993,,-0.000383024,,,,,,,24.44886862,-0.016980014
449,"	03/13/2024 22:45:02.782",4319.9429,201.3857,1,18,0,0,0,-0.2170391,3.828144,-0.830856928,5.42587E-06,0.2055606,2.13996E-05,0.7902523,,-0.00053169,,0.1697018,,,,,24.44528,0.01284063
450,"	03/13/2024 22:45:12.782",4329.9429,211.3857,1,18,0,0,0,-0.230793,3.832276,-0.884462475,5.42587E-06,0.2061826,2.13996E-05,0.7926373,,-0.000513016,,0.086736731,12.13996983,,,,24.41812,-0.004805923
451,"	03/13/2024 22:45:22.782",4339.943,221.3858,1,18,0,0,0,-0.2453718,3.828281,-0.9393522,5.42587E-06,0.2068445,2.13996E-05,0.7951725,,-0.000360108,,,,,,,24.37344,-0.005143285
452,"	03/13/2024 22:45:32.782",4349.9431,231.3859,1,18,0,0,0,-0.2607698,3.824142,-0.997220745,5.42587E-06,0.2075479,2.13996E-05,0.7978636,,-0.000176079,,0.152306706,,,,,24.39919,0.006367564
453,"	03/13/2024 22:45:42.783",4359.944,241.3868,1,18,0,0,0,-0.2772789,3.819388,-1.059035703,5.42587E-06,0.2082946,2.13996E-05,0.8007172,,-0.000451525,,0.170260698,3.959335089,,,,24.36271,0.008605123
454,"	03/13/2024 22:45:48.523",4365.6833,247.1261,1,18,0,0,0,-0.2870827,3.805451,-1.092479148,5.42587E-06,0.2087439,2.13996E-05,0.8024326,,-0.004586047,,0.172849193,,,,,24.29800909,-0.003682161
455,"	03/13/2024 22:45:48.529",4365.6898,247.1326,1,18,0,0,0,-0.2868195,3.815874,-1.094467073,5.42587E-06,0.2087443,2.13996E-05,0.8024341,,,,,,,,,24.29797501,-0.003689664
456,"	03/13/2024 22:45:58.530",4375.6905,257.1333,1,18,0,0,0,-0.3039713,3.81151,-1.15858965,5.42587E-06,0.209564,2.13996E-05,0.8055604,,-0.000234958,,0.119093299,-1430.954956,,,,24.2447229,-0.015414836
457,"	03/13/2024 22:46:08.531",4385.6915,267.1343,1,18,0,0,0,-0.3220911,3.806249,-1.225958927,5.42587E-06,0.2104323,2.13996E-05,0.8088676,,-0.000424851,,0.181224093,7.180072784,,,,24.23613175,-0.000116978
458,"	03/13/2024 22:46:18.532",4395.6932,277.136,1,18,0,0,0,-0.3408175,3.800874,-1.295404374,5.42587E-06,0.2113512,2.13996E-05,0.8123626,,-0.000505607,,0.1328931,,,,,24.20074498,0.00626498
459,"	03/13/2024 22:46:28.533",4405.6941,287.1369,1,18,0,0,0,-0.3593512,3.795317,-1.363851718,5.42587E-06,0.2123225,2.13996E-05,0.8160518,,-0.000769474,,0.196881801,5.731197834,,,,24.17714333,0.008388736
460,"	03/13/2024 22:46:38.534",4415.695,297.1378,1,18,0,0,0,-0.3390732,3.799708,-1.288379151,5.42587E-06,0.2132991,2.13996E-05,0.8197595,,0.000831022,,-0.068202034,-1037.421997,,,,24.16714488,0.020913356
461,"	03/13/2024 22:46:48.534",4425.695,307.1378,1,18,0,0,0,-0.3456154,3.79772,-1.312550517,5.42587E-06,0.2142495,2.13996E-05,0.8233702,,-0.000247429,,,,,,,24.15961082,0.017434393
462,"	03/13/2024 22:46:58.412",4435.5728,317.0156,1,18,0,0,0,-0.3084126,3.808157,-1.174483602,5.42587E-06,0.2151255,2.13996E-05,0.8267023,,0.002851908,,-0.063479587,-5.672673225,,,,24.10631234,-0.001007132
463,"	03/13/2024 22:47:01.508",4438.669,320.1118,1,18,0,0,0,-0.306735,3.795185,-1.164116071,5.42587E-06,0.2153901,2.13996E-05,0.8277095,,-0.008313862,,,,,,,24.10883,0.000787973
464,"	03/13/2024 22:47:01.515",4438.6754,320.1182,1,18,0,0,0,-0.3064423,3.806265,-1.166400601,5.42587E-06,0.2153907,2.13996E-05,0.8277116,,,,,,,,,24.10883138,0.000782038
465,"	03/13/2024 22:47:11.515",4448.6756,330.1184,1,18,0,0,0,-0.3010912,3.808234,-1.146625745,5.42587E-06,0.216235,2.13996E-05,0.8309266,,0.000108719,,-0.000677828,-1475.300049,,,,24.11098,-0.008491874
466,"	03/13/2024 22:47:21.516",4458.6764,340.1192,1,18,0,0,0,-0.2969246,3.808939,-1.130967689,5.42587E-06,0.2170658,2.13996E-05,0.8340905,,,,,,,,,24.11061,0.005816221
467,"	03/13/2024 22:47:31.517",4468.6779,350.1207,1,18,0,0,0,-0.2928963,3.810129,-1.115972687,5.42587E-06,0.2178845,2.13996E-05,0.8372094,,6.66582E-05,,,,,,,24.10991479,-0.013413237
468,"	03/13/2024 22:47:41.517",4478.6782,360.121,1,18,0,0,0,-0.2890215,3.810081,-1.101195326,5.42587E-06,0.2186929,2.13996E-05,0.8402894,,3.88007E-05,,,,,,,24.14746628,0.008942261
469,"	03/13/2024 22:47:45.738",4482.8983,364.3411,1,18,0,0,0,-0.2879305,3.797804,-1.093503605,5.42587E-06,0.2190306,2.13996E-05,0.8415763,,-0.001209358,,,,,,,24.17825,0.009620786
470,"	03/13/2024 22:47:45.745",4482.9062,364.349,1,18,0,0,0,-0.2876482,3.810943,-1.096210894,5.42587E-06,0.2190315,2.13996E-05,0.8415798,,,,,,,,,24.17825,0.009620786
471,"	03/13/2024 22:47:46.241",4483.4022,364.845,1,18,0,0,0,-0.2874479,3.798403,-1.091842966,5.42587E-06,0.2190709,2.13996E-05,0.8417299,,-0.02997499,,-0.000634351,,,,,24.17825317,0.009620786
472,"	03/13/2024 22:47:46.248",4483.4086,364.8514,1,18,0,0,0,-0.2879152,3.809974,-1.096949426,5.42587E-06,0.2190713,2.13996E-05,0.8417314,,,,,,,,,24.17823627,0.009618951
473,"	03/13/2024 22:47:56.248",4493.4087,374.8515,1,18,0,0,0,-0.284111,3.811392,-1.082858393,5.42587E-06,0.2198654,2.13996E-05,0.8447576,,0.122435503,,-0.000651998,,,,,24.15139797,0.006706148
474,"	03/13/2024 22:48:06.249",4503.4096,384.8524,1,18,0,0,0,-0.2811756,3.811988,-1.071838013,5.42587E-06,0.2206503,2.13996E-05,0.8477495,,-0.001659287,,,,,,,24.15248,0.008053184
475,"	03/13/2024 22:48:16.249",4513.4096,394.8524,1,18,0,0,0,-0.2780809,3.812878,-1.060288546,5.42587E-06,0.2214267,2.13996E-05,0.8507094,,0.000166327,,,,,,,24.15711,-0.000568628
476,"	03/13/2024 22:48:26.249",4523.4099,404.8527,1,18,0,0,0,-0.2750463,3.813396,-1.04886046,5.42587E-06,0.2221938,2.13996E-05,0.8536343,,0.003363703,,,,,,,24.16928088,-0.003242466
477,"	03/13/2024 22:48:36.250",4533.4108,414.8536,1,18,0,0,0,-0.2966003,3.807526,-1.129313354,5.42587E-06,0.2229706,2.13996E-05,0.8565952,,-0.001335251,,,,,,,24.22758235,-0.002025974
478,"	03/13/2024 22:48:46.252",4543.4124,424.8552,1,18,0,0,0,-0.3040638,3.805105,-1.156994686,5.42587E-06,0.2238062,2.13996E-05,0.8597756,,-0.000144871,,0.793742895,,,,,24.28195708,0.00692299
479,"	03/13/2024 22:48:55.970",4553.1308,434.5736,1,18,0,0,0,-0.3385706,3.794971,-1.284865608,5.42587E-06,0.224672,2.13996E-05,0.8630664,,-0.000829181,,0.068754762,1.192690969,,,,24.29163,-0.01274109
480,"	03/13/2024 22:49:05.971",4563.1318,444.5746,1,18,0,0,0,-0.3536816,3.790969,-1.340795981,5.42587E-06,0.2256333,2.13996E-05,0.8667132,,-0.00054538,,0.212325707,,,,,24.37461,0.00302434
481,"	03/13/2024 22:49:15.876",4573.0369,454.4797,1,18,0,0,0,-0.3685102,3.778193,-1.392302658,5.42587E-06,0.2266262,2.13996E-05,0.870476,,-0.001892053,,,4.784501076,,,,24.41960862,-0.018563053
482,"	03/13/2024 22:49:15.950",4573.1104,454.5532,1,18,0,0,0,-0.3687363,3.788362,-1.396906587,5.42587E-06,0.2266337,2.13996E-05,0.8705043,,,,,,,,,24.41961,-0.01856327
483,"	03/13/2024 22:49:24.904",4582.065,463.5078,1,18,0,0,0,-0.3046436,3.802876,-1.158521835,5.42587E-06,0.2275577,2.13996E-05,0.874003,,0.006834566,,-0.086898454,-9.405177116,,,,24.48041,0.007830858
484,"	03/13/2024 22:49:26.467",4583.6274,465.0702,1,18,0,0,0,-0.2675066,3.81413,-1.020304948,5.42587E-06,0.2276828,2.13996E-05,0.8744789,,0.004305224,,-0.01031261,-123.4386978,,,,24.48041,0.007830858
485,"	03/13/2024 22:49:34.922",4592.0828,473.5256,1,18,0,0,0,-0.2239895,3.824846,-0.856725343,5.42587E-06,0.2282525,2.13996E-05,0.8766543,,0.00093602,,-0.047477178,-54.31758118,,,,24.53367,0.00066638
486,"	03/13/2024 22:49:42.947",4600.1076,481.5504,1,18,0,0,0,-0.2585888,3.814323,-0.986341207,5.42587E-06,0.2287396,2.13996E-05,0.8785176,,-0.002943281,,0.006177668,48.83074188,,,,24.5779566,-0.002801971
487,"	03/13/2024 22:49:52.948",4610.1084,491.5512,1,18,0,0,0,-0.2684908,3.812928,-1.023736089,5.42587E-06,0.2294839,2.13996E-05,0.8813555,,0.001157223,,0.01417868,,,,,24.63947425,0.01106904
488,"	03/13/2024 22:50:02.949",4620.1102,501.553,1,18,0,0,0,-0.2658834,3.8131,-1.013839993,5.42587E-06,0.2302262,2.13996E-05,0.8841855,,-3.63889E-05,,,,,,,24.69768275,0.015630676
489,"	03/13/2024 22:50:12.950",4630.1103,511.5531,1,18,0,0,0,-0.2630482,3.813687,-1.003183501,5.42587E-06,0.2309609,2.13996E-05,0.886987,,3.9472E-05,,,,,,,24.71054,-0.000218153
490,"	03/13/2024 22:50:22.951",4640.1119,521.5547,1,18,0,0,0,-0.2601366,3.814553,-0.992304848,5.42587E-06,0.2316871,2.13996E-05,0.889757,,0.000307009,,,,,,,24.67373,-0.01462221
491,"	03/13/2024 22:50:29.198",4646.3583,527.8011,1,18,0,0,0,-0.2582302,3.802196,-0.981841834,5.42587E-06,0.2321362,2.13996E-05,0.89147,,-0.0139032,,,,,,,24.80271133,0.01441015
492,"	03/13/2024 22:50:29.204",4646.3648,527.8076,1,18,0,0,0,-0.2581816,3.813918,-0.984683452,5.42587E-06,0.2321366,2.13996E-05,0.8914714,,,,,,,,,24.80265569,0.014367846
493,"	03/13/2024 22:50:32.899",4650.0601,531.5029,1,18,0,0,0,-0.316721,3.79875,-1.203143899,5.42587E-06,0.2324019,2.13996E-05,0.8924834,,-0.004464058,,-0.000745658,-1747.397949,,,,24.77053,-0.01005769
494,"	03/13/2024 22:50:33.403",4650.5641,532.0069,1,18,0,0,0,-0.3784475,3.783987,-1.43204042,5.42587E-06,0.2324484,2.13996E-05,0.8926601,,-0.02951082,,0.01391807,62.18840027,,,,24.77053,-0.01005769
495,"	03/13/2024 22:50:34.400",4651.5609,533.0037,1,18,0,0,0,-0.4306059,3.771328,-1.623956088,5.42587E-06,0.2325575,2.13996E-05,0.8930722,,-0.004080217,,0.007111456,316.4229126,,,,24.77053,-0.01005769
496,"	03/13/2024 22:50:35.929",4653.0895,534.5323,1,18,0,0,0,-0.4654016,3.76123,-1.75048246,5.42587E-06,0.2327463,2.13996E-05,0.8937837,,-0.004194721,,0.01560578,115.914299,,,,24.77375391,0.001007191
497,"	03/13/2024 22:50:39.804",4656.965,538.4078,1,18,0,0,0,-0.5013399,3.751,-1.880525965,5.42587E-06,0.2332678,2.13996E-05,0.8957425,,-0.001983165,,0.040562648,53.45365906,,,,24.76661128,-0.00223211
498,"	03/13/2024 22:50:44.015",4661.1761,542.6189,1,18,0,0,0,-0.5372009,3.740757,-2.009538027,5.42587E-06,0.2338751,2.13996E-05,0.8980184,,-0.00209867,,0.056091581,19.62068939,,,,24.74016443,-0.0060319
499,"	03/13/2024 22:50:48.400",4665.5603,547.0031,1,18,0,0,0,-0.4902391,3.75335,-1.840038926,5.42587E-06,0.2345383,2.13996E-05,0.9004984,,0.125225693,,-0.01103276,16.86392021,,,,24.77484052,0.010836336
500,"	03/13/2024 22:50:49.610",4666.7706,548.2134,1,18,0,0,0,-0.4527197,3.763567,-1.703840923,5.42587E-06,0.2346981,2.13996E-05,0.9010987,,0.00673804,,-0.01368968,-18.9914608,,,,24.80050447,0.008020634
501,"	03/13/2024 22:50:51.420",4668.5803,550.0231,1,18,0,0,0,-0.4068766,3.773905,-1.535513635,5.42587E-06,0.2349144,2.13996E-05,0.9019137,,0.007039196,,-0.01720909,-63.97013855,,,,24.80051,0.008020401
502,"	03/13/2024 22:50:55.025",4672.186,553.6288,1,18,0,0,0,-0.373045,3.78406,-1.411624663,5.42587E-06,0.2353036,2.13996E-05,0.9033846,,0.00137392,,-0.032216098,-47.76974106,,,,24.82627797,0.012737382
503,"	03/13/2024 22:51:05.026",4682.1868,563.6296,1,18,0,0,0,-0.358017,3.785727,-1.355354623,5.42587E-06,0.2363096,2.13996E-05,0.9071928,,0.000332773,,-0.05636489,-26.10548973,,,,24.82267,-0.000219345
504,"	03/13/2024 22:51:14.436",4691.5965,573.0393,1,18,0,0,0,-0.357563,3.773989,-1.349438829,5.42587E-06,0.2372441,2.13996E-05,0.9107309,,-0.001977949,,-0.001000717,,,,,24.80730073,0.007473745
505,"	03/13/2024 22:51:14.441",4691.6022,573.045,1,18,0,0,0,-0.3573828,3.78566,-1.352929771,5.42587E-06,0.2372448,2.13996E-05,0.9107334,,,,,,,,,24.80729971,0.007456881
506,"	03/13/2024 22:51:24.442",4701.6031,583.0459,1,18,0,0,0,-0.357419,3.785559,-1.353030712,5.42587E-06,0.2382375,2.13996E-05,0.9144918,,0.116371699,,-0.000815122,-1226.810059,,,,24.80548098,-0.022659597
507,"	03/13/2024 22:51:34.442",4711.6031,593.0459,1,18,0,0,0,-0.3575096,3.785812,-1.353464134,5.42587E-06,0.2392303,2.13996E-05,0.9182505,,-3.31507E-05,,,,,,,24.88013193,0.008808656
508,"	03/13/2024 22:51:44.442",4721.6031,603.0459,1,18,0,0,0,-0.3574409,3.785429,-1.353067149,5.42587E-06,0.2402231,2.13996E-05,0.9220088,,-3.91968E-05,,,,,,,24.84515,0.004464388
509,"	03/13/2024 22:51:54.443",4731.6041,613.0469,1,18,0,0,0,-0.3572521,3.78508,-1.352227779,5.42587E-06,0.2412158,2.13996E-05,0.9257665,,-6.57423E-05,,,,,,,24.90085737,0.006476621
510,"	03/13/2024 22:51:59.000",4736.1608,617.6036,1,18,0,0,0,-0.3574152,3.772895,-1.348490021,5.42587E-06,0.2416678,2.13996E-05,0.9274773,,-0.001499617,,,,,,,24.89834,-0.000787377
511,"	03/13/2024 22:51:59.005",4736.1659,617.6087,1,18,0,0,0,-0.3576136,3.784067,-1.353233823,5.42587E-06,0.2416683,2.13996E-05,0.9274791,,,,,,,,,24.89834,-0.000787377
512,"	03/13/2024 22:51:59.504",4736.6649,618.1077,1,18,0,0,0,-0.3575563,3.773718,-1.349316645,5.42587E-06,0.2417178,2.13996E-05,0.9276664,,,,,,,,,24.89833832,-0.000787377
513,"	03/13/2024 22:51:59.511",4736.6715,618.1143,1,18,0,0,0,-0.3573523,3.784195,-1.352290787,5.42587E-06,0.2417184,2.13996E-05,0.9276685,,,,,,,,,24.89829518,-0.000792081
514,"	03/13/2024 22:52:09.512",4746.6724,628.1152,1,18,0,0,0,-0.3575449,3.784707,-1.353202686,5.42587E-06,0.2427113,2.13996E-05,0.9314263,,0.111148499,,-0.000900419,-1110.593994,,,,24.8319251,-0.008029865
515,"	03/13/2024 22:52:16.680",4753.8404,635.2832,1,18,0,0,0,-0.3218431,3.794968,-1.221384266,5.42587E-06,0.2434166,2.13996E-05,0.9340962,,0.000274624,,-0.322055995,,,,,24.89192688,-0.002231679
516,"	03/13/2024 22:52:21.485",4758.646,640.0888,1,18,0,0,0,-0.2807274,3.805196,-1.06822278,5.42587E-06,0.2438115,2.13996E-05,0.9355965,,0.000982182,,-0.029857351,-5.949206829,,,,24.91262202,-0.004024468
517,"	03/13/2024 22:52:31.486",4768.647,650.0898,1,18,0,0,0,-0.2419567,3.813757,-0.922764058,5.42587E-06,0.2445384,2.13996E-05,0.9383652,,0.00070344,,-0.076193973,-25.89992905,,,,24.95014916,-0.006695363
518,"	03/13/2024 22:52:41.486",4778.647,660.0898,1,18,0,0,0,-0.2582684,3.809863,-0.983967221,5.42587E-06,0.2452594,2.13996E-05,0.9411116,,-0.001952796,,0.009936508,39.99861145,,,,24.90299272,-0.014168545
519,"	03/13/2024 22:52:44.237",4781.3982,662.841,1,18,0,0,0,-0.254158,3.799053,-0.965559712,5.42587E-06,0.245455,2.13996E-05,0.941857,,-0.00959297,,,,,,,24.97478796,0.022435646
520,"	03/13/2024 22:52:44.243",4781.4039,662.8467,1,18,0,0,0,-0.2538309,3.810263,-0.967162487,5.42587E-06,0.2454554,2.13996E-05,0.9418585,,,,,,,,,24.97478694,0.02242615
521,"	03/13/2024 22:52:54.244",4791.4047,672.8475,1,18,0,0,0,-0.2803288,3.804316,-1.066459339,5.42587E-06,0.2461761,2.13996E-05,0.9446039,,-0.00131009,,0.080709837,,,,,24.97297289,0.005468896
522,"	03/13/2024 22:53:04.245",4801.4056,682.8484,1,18,0,0,0,-0.2811441,3.803678,-1.069381628,5.42587E-06,0.2469573,2.13996E-05,0.9475756,,,,,,,,,24.97584149,0.005698202
523,"	03/13/2024 22:53:14.246",4811.4065,692.8493,1,18,0,0,0,-0.2807999,3.804272,-1.068239197,5.42587E-06,0.2477378,2.13996E-05,0.9505444,,-6.47653E-05,,,,,,,24.96366894,-0.013279129
524,"	03/13/2024 22:53:24.246",4821.4066,702.8494,1,18,0,0,0,-0.2796154,3.804106,-1.063686621,5.42587E-06,0.2485156,2.13996E-05,0.9535028,,-1.06287E-05,,,,,,,24.89975,-0.01819134
525,"	03/13/2024 22:53:29.643",4826.8037,708.2465,1,18,0,0,0,-0.2789221,3.79162,-1.057566613,5.42587E-06,0.2489343,2.13996E-05,0.9550955,,-0.04842386,,-0.001647716,,,,,24.88224443,-0.00402596
526,"	03/13/2024 22:53:29.648",4826.8092,708.252,1,18,0,0,0,-0.2789383,3.803235,-1.060867905,5.42587E-06,0.2489347,2.13996E-05,0.9550973,,,,,,,,,24.88220801,-0.004021196
527,"	03/13/2024 22:53:39.649",4836.8102,718.253,1,18,0,0,0,-0.2776136,3.804315,-1.056129583,5.42587E-06,0.2497076,2.13996E-05,0.9580373,,0.127077594,,-0.000617773,-1618.717041,,,,24.81474,0.00480175
528,"	03/13/2024 22:53:49.651",4846.8118,728.2546,1,18,0,0,0,-0.2759247,3.804167,-1.049663638,5.42587E-06,0.2504764,2.13996E-05,0.9609622,,-5.26689E-05,,,,,,,24.72366615,-0.006698255
529,"	03/13/2024 22:53:59.652",4856.8127,738.2555,1,18,0,0,0,-0.2743416,3.804605,-1.043761423,5.42587E-06,0.2512409,2.13996E-05,0.9638707,,0.008223104,,,,,,,24.72260095,0.000785514
530,"	03/13/2024 22:54:09.653",4866.8137,748.2565,1,18,0,0,0,-0.272728,3.804964,-1.037720222,5.42587E-06,0.2520007,2.13996E-05,0.9667616,,3.59585E-06,,,,,,,24.6179,-0.009380579
531,"	03/13/2024 22:54:19.654",4876.8144,758.2572,1,18,0,0,0,-0.2713089,3.805318,-1.032416641,5.42587E-06,0.2527559,2.13996E-05,0.9696352,,1.22481E-06,,,,,,,24.51998,-0.01719952
532,"	03/13/2024 22:54:29.655",4886.8153,768.2581,1,18,0,0,0,-0.2690878,3.805593,-1.024038648,5.42587E-06,0.2535066,2.13996E-05,0.9724916,,,,,,,,,24.49531,-0.000451207
533,"	03/13/2024 22:54:34.767",4891.9276,773.3704,1,18,0,0,0,-0.3042622,3.795492,-1.154824746,5.42587E-06,0.2539019,2.13996E-05,0.973995,,-0.002200185,,0.828331292,,,,,24.50427419,-0.002452096
534,"	03/13/2024 22:54:42.461",4899.6213,781.0641,1,18,0,0,0,-0.3225079,3.779669,-1.218973112,5.42587E-06,0.2545765,2.13996E-05,0.9765539,,-0.01418711,,0.03815243,2.067828894,,,,24.44527131,-0.00782602
535,"	03/13/2024 22:54:42.467",4899.6276,781.0704,1,18,0,0,0,-0.322752,3.791149,-1.223600922,5.42587E-06,0.254577,2.13996E-05,0.9765557,,,,,,,,,24.44527814,-0.007817649
536,"	03/13/2024 22:54:50.899",4908.0598,789.5026,1,18,0,0,0,-0.3643742,3.78058,-1.377545813,5.42587E-06,0.2553509,2.13996E-05,0.9794886,,-0.002581801,,0.105371103,13.18058968,,,,24.45457447,0.003567799
537,"	03/13/2024 22:54:58.119",4915.2798,796.7226,1,18,0,0,0,-0.397521,3.76963,-1.498507087,5.42587E-06,0.2561208,2.13996E-05,0.9823951,,-0.000671846,,0.05006288,15.44756985,,,,24.39415825,-0.00748917
538,"	03/13/2024 22:55:08.119",4925.2799,806.7227,1,18,0,0,0,-0.427907,3.762944,-1.610190078,5.42587E-06,0.2572669,2.13996E-05,0.986713,,-0.000814335,,0.159656107,,,,,24.31193815,0.00468838
539,"	03/13/2024 22:55:18.120",4935.2806,816.7234,1,18,0,0,0,-0.3986292,3.769129,-1.502484878,5.42587E-06,0.2584746,2.13996E-05,0.9912547,,0.003203637,,-0.104960702,7.638617039,,,,24.26974,-0.006600618
540,"	03/13/2024 22:55:23.469",4940.6297,822.0725,1,18,0,0,0,-0.364213,3.779319,-1.376477111,5.42587E-06,0.2590343,2.13996E-05,0.9933677,,0.000665528,,-0.043643951,-9.06880188,,,,24.28979,0.003800392
541,"	03/13/2024 22:55:33.472",4950.6324,832.0752,1,18,0,0,0,-0.3576603,3.779691,-1.351845417,5.42587E-06,0.2600336,2.13996E-05,0.9971443,,0.000434515,,-0.211087093,-7.895332813,,,,24.25937,-0.01676917
544,"	03/13/2024 22:56:42.440",5019.601,60.0009,1,19,0,0,0,0,3.876008,0,5.43472E-06,0.2608207,2.14339E-05,1.000119,,8.63314E-05,,,,,,,24.18716,-0.02157092
545,"	03/13/2024 22:56:42.442",5019.6023,60.0022,1,19,0,0,0,0,3.876032,0,5.43472E-06,0.2608207,2.14339E-05,1.000119,,8.63314E-05,0.436077595,0,0,,,,24.18716602,-0.021570797
546,"	03/13/2024 22:56:42.489",5019.6495,0.0079,1,20,0,0,0,0.09999508,3.901341,0.390114905,5.63469E-06,0.2608207,2.22133E-05,1.000119,,0.003224226,0.436077595,0,0,,,,24.18738455,-0.021566317
547,"	03/13/2024 22:57:42.530",5079.6904,60.0008,1,21,0,0,0,0,3.878595,0,5.75411E-06,0.2608207,2.26791E-05,1.000119,,2.75003E-05,,,,,,,24.46537,-0.01586854
548,"	03/13/2024 22:58:42.529",5139.6896,120,1,21,0,0,0,0,3.87997,0,5.75411E-06,0.2608207,2.26791E-05,1.000119,,3.18052E-05,,,,,,,24.81622637,0.003784862
549,"	03/13/2024 22:58:42.532",5139.6926,120.003,1,21,0,0,0,0,3.87997,0,5.75411E-06,0.2608207,2.26791E-05,1.000119,,3.18052E-05,0.436077595,0,0,,,,24.81622637,0.003784862
